Profile 1;Profile 1;Profile 2;Profile 2;Profile 3;Profile 3;Profile 4;Profile 4;Profile 5;Profile 5;Profile 6;Profile 6;Profile 7;Profile 7;Profile 8;Profile 8;Profile 9;Profile 9;Profile 10;Profile 10;Profile 11;Profile 11;Profile 12;Profile 12;Profile 13;Profile 13;Profile 14;Profile 14;Profile 15;Profile 15;Profile 16;Profile 16;Profile 17;Profile 17;Profile 18;Profile 18;Profile 19;Profile 19;Profile 20;Profile 20;Profile 21;Profile 21;Profile 22;Profile 22;Profile 23;Profile 23;Profile 24;Profile 24;Profile 25;Profile 25;Profile 26;Profile 26;Profile 27;Profile 27;Profile 28;Profile 28;Profile 29;Profile 29;Profile 30;Profile 30;
x;y;x;y;x;y;x;y;x;y;x;y;x;y;x;y;x;y;x;y;x;y;x;y;x;y;x;y;x;y;x;y;x;y;x;y;x;y;x;y;x;y;x;y;x;y;x;y;x;y;x;y;x;y;x;y;x;y;x;y;
[m];[m];[m];[m];[m];[m];[m];[m];[m];[m];[m];[m];[m];[m];[m];[m];[m];[m];[m];[m];[m];[m];[m];[m];[m];[m];[m];[m];[m];[m];[m];[m];[m];[m];[m];[m];[m];[m];[m];[m];[m];[m];[m];[m];[m];[m];[m];[m];[m];[m];[m];[m];[m];[m];[m];[m];[m];[m];[m];[m];
0;3.5752998e-07;0;3.6244466e-07;0;3.7717845e-07;0;3.9173618e-07;0;4.2401302e-07;0;4.2396125e-07;0;4.3378288e-07;0;4.4721264e-07;0;4.3718903e-07;0;4.2403378e-07;0;4.2282914e-07;0;4.3858119e-07;0;4.8764033e-07;0;5.5511637e-07;0;6.2232623e-07;0;6.5196908e-07;0;6.0711427e-07;0;6.1870454e-07;0;5.964457e-07;0;5.853705e-07;0;5.4883283e-07;0;5.4653633e-07;0;5.2876306e-07;0;4.9816565e-07;0;5.0445735e-07;0;4.943487e-07;0;4.8664443e-07;0;4.6014715e-07;0;4.6513092e-07;0;4.5221935e-07;
6.5553972e-09;3.6118213e-07;6.5704769e-09;3.6342556e-07;6.5662581e-09;3.7967161e-07;6.5717564e-09;3.9413291e-07;6.5957017e-09;4.2815586e-07;6.5395383e-09;4.2787672e-07;6.563564e-09;4.4101312e-07;6.5735627e-09;4.4856868e-07;6.5834846e-09;4.3726754e-07;6.5478085e-09;4.2248355e-07;6.5502968e-09;4.216573e-07;6.5216623e-09;4.4689163e-07;6.6070547e-09;4.8952236e-07;6.5253891e-09;5.5574228e-07;6.5803468e-09;6.2498539e-07;6.5922241e-09;6.5681465e-07;6.5479754e-09;6.1602027e-07;6.5481187e-09;6.2358535e-07;6.5153634e-09;5.9858526e-07;6.5735617e-09;5.9256374e-07;6.5640716e-09;5.5087758e-07;6.5675328e-09;5.5427573e-07;6.5874888e-09;5.3249282e-07;6.5604393e-09;5.0864879e-07;6.5850905e-09;5.1085386e-07;6.5613458e-09;5.0386165e-07;6.5638261e-09;4.9209657e-07;6.5595464e-09;4.6510113e-07;6.5039709e-09;4.7293111e-07;6.5625802e-09;4.5519124e-07;
1.3110794e-08;3.6519829e-07;1.3140954e-08;3.652738e-07;1.3132516e-08;3.8297228e-07;1.3143513e-08;3.9587227e-07;1.3191403e-08;4.3103264e-07;1.3079077e-08;4.3222209e-07;1.3127128e-08;4.4802632e-07;1.3147125e-08;4.4943547e-07;1.3166969e-08;4.3649961e-07;1.3095617e-08;4.2048105e-07;1.3100594e-08;4.1908678e-07;1.3043325e-08;4.5205124e-07;1.3214109e-08;4.9129243e-07;1.3050778e-08;5.5441672e-07;1.3160694e-08;6.267035e-07;1.3184448e-08;6.6134327e-07;1.3095951e-08;6.2296393e-07;1.3096237e-08;6.2983901e-07;1.3030727e-08;6.011831e-07;1.3147123e-08;5.9696234e-07;1.3128143e-08;5.5340375e-07;1.3135066e-08;5.6121112e-07;1.3174978e-08;5.3531871e-07;1.3120879e-08;5.1949374e-07;1.3170181e-08;5.1706945e-07;1.3122692e-08;5.1217973e-07;1.3127652e-08;4.9879001e-07;1.3119093e-08;4.6987774e-07;1.3007942e-08;4.8078483e-07;1.312516e-08;4.5858584e-07;
1.9666192e-08;3.6967701e-07;1.9711431e-08;3.6753692e-07;1.9698774e-08;3.8704237e-07;1.9715269e-08;3.9654988e-07;1.9787105e-08;4.3168935e-07;1.9618615e-08;4.3661232e-07;1.9690692e-08;4.5400837e-07;1.9720688e-08;4.4980765e-07;1.9750454e-08;4.3483515e-07;1.9643425e-08;4.18905e-07;1.965089e-08;4.1930887e-07;1.9564987e-08;4.5266771e-07;1.9821164e-08;4.9380209e-07;1.9576167e-08;5.5332379e-07;1.974104e-08;6.2804804e-07;1.9776672e-08;6.6635535e-07;1.9643926e-08;6.276162e-07;1.9644356e-08;6.3636142e-07;1.954609e-08;6.0543285e-07;1.9720685e-08;5.996524e-07;1.9692215e-08;5.568044e-07;1.9702599e-08;5.671365e-07;1.9762467e-08;5.3933688e-07;1.9681318e-08;5.300277e-07;1.9755271e-08;5.2367166e-07;1.9684037e-08;5.1854843e-07;1.9691478e-08;5.0701953e-07;1.9678639e-08;4.7361812e-07;1.9511913e-08;4.8683317e-07;1.968774e-08;4.6317971e-07;
2.6221589e-08;3.7436777e-07;2.6281908e-08;3.7003822e-07;2.6265032e-08;3.9153029e-07;2.6287026e-08;3.9658354e-07;2.6382807e-08;4.307139e-07;2.6158153e-08;4.4105766e-07;2.6254256e-08;4.587031e-07;2.6294251e-08;4.4956199e-07;2.6333938e-08;4.329039e-07;2.6191234e-08;4.1764313e-07;2.6201187e-08;4.2479714e-07;2.6086649e-08;4.4930698e-07;2.6428219e-08;4.9655544e-07;2.6101556e-08;5.5473369e-07;2.6321387e-08;6.2941548e-07;2.6368896e-08;6.7168733e-07;2.6191902e-08;6.3065875e-07;2.6192475e-08;6.4088968e-07;2.6061454e-08;6.1193976e-07;2.6294247e-08;6.0200092e-07;2.6256286e-08;5.6197546e-07;2.6270131e-08;5.7235978e-07;2.6349955e-08;5.459932e-07;2.6241757e-08;5.3932124e-07;2.6340362e-08;5.3112216e-07;2.6245383e-08;5.2362994e-07;2.6255304e-08;5.1631092e-07;2.6238185e-08;4.7720258e-07;2.6015884e-08;4.9053211e-07;2.6250321e-08;4.6857056e-07;
3.2776986e-08;3.7883441e-07;3.2852384e-08;3.7303132e-07;3.283129e-08;3.9523832e-07;3.2858782e-08;3.9732378e-07;3.2978509e-08;4.286587e-07;3.2697692e-08;4.4498665e-07;3.281782e-08;4.6201391e-07;3.2867813e-08;4.4888248e-07;3.2917423e-08;4.3086487e-07;3.2739042e-08;4.1693778e-07;3.2751484e-08;4.3384013e-07;3.2608311e-08;4.4475107e-07;3.3035273e-08;4.9855563e-07;3.2626945e-08;5.597502e-07;3.2901734e-08;6.3263063e-07;3.296112e-08;6.7691295e-07;3.2739877e-08;6.320703e-07;3.2740593e-08;6.4356055e-07;3.2576817e-08;6.2062912e-07;3.2867808e-08;6.0447476e-07;3.2820358e-08;5.6794853e-07;3.2837664e-08;5.7687357e-07;3.2937444e-08;5.5557191e-07;3.2802197e-08;5.4684149e-07;3.2925452e-08;5.4017735e-07;3.2806729e-08;5.2916136e-07;3.281913e-08;5.2557854e-07;3.2797732e-08;4.8060847e-07;3.2519855e-08;4.9225252e-07;3.2812901e-08;4.7450351e-07;
3.9332383e-08;3.815939e-07;3.9422861e-08;3.7568109e-07;3.9397548e-08;3.9819126e-07;3.9430538e-08;3.9889967e-07;3.957421e-08;4.2698561e-07;3.923723e-08;4.4812271e-07;3.9381384e-08;4.6392654e-07;3.9441376e-08;4.4792531e-07;3.9500908e-08;4.2927566e-07;3.9286851e-08;4.1547952e-07;3.9301781e-08;4.4160375e-07;3.9129974e-08;4.4018937e-07;3.9642328e-08;4.9916742e-07;3.9152334e-08;5.6834887e-07;3.9482081e-08;6.3731054e-07;3.9553344e-08;6.8170986e-07;3.9287852e-08;6.3296157e-07;3.9288712e-08;6.450051e-07;3.909218e-08;6.3083977e-07;3.944137e-08;6.0687527e-07;3.938443e-08;5.7465485e-07;3.9405197e-08;5.8089297e-07;3.9524933e-08;5.6615774e-07;3.9362636e-08;5.5256733e-07;3.9510543e-08;5.5050557e-07;3.9368075e-08;5.3549031e-07;3.9382957e-08;5.3379529e-07;3.9357278e-08;4.8491368e-07;3.9023826e-08;4.9315334e-07;3.9375481e-08;4.8074412e-07;
4.5887781e-08;3.8320207e-07;4.5993338e-08;3.7775829e-07;4.5963806e-08;4.0023194e-07;4.6002295e-08;4.0164322e-07;4.6169912e-08;4.2698911e-07;4.5776768e-08;4.5046427e-07;4.5944948e-08;4.6453025e-07;4.6014939e-08;4.4758428e-07;4.6084392e-08;4.2793331e-07;4.5834659e-08;4.1304281e-07;4.5852078e-08;4.4612216e-07;4.5651636e-08;4.3687556e-07;4.6249383e-08;4.9868305e-07;4.5677724e-08;5.7930743e-07;4.6062428e-08;6.4227153e-07;4.6145569e-08;6.8658533e-07;4.5835828e-08;6.3512077e-07;4.5836831e-08;6.4645194e-07;4.5607544e-08;6.3564609e-07;4.6014932e-08;6.0885579e-07;4.5948501e-08;5.8112739e-07;4.597273e-08;5.8431111e-07;4.6112422e-08;5.744946e-07;4.5923075e-08;5.5685787e-07;4.6095633e-08;5.614246e-07;4.592942e-08;5.4266073e-07;4.5946783e-08;5.402422e-07;4.5916825e-08;4.900417e-07;4.5527797e-08;4.946326e-07;4.5938061e-08;4.8636014e-07;
5.2443178e-08;3.8476626e-07;5.2563815e-08;3.7932938e-07;5.2530065e-08;4.0184801e-07;5.2574051e-08;4.0484827e-07;5.2765614e-08;4.2917755e-07;5.2316306e-08;4.5125378e-07;5.2508512e-08;4.6466375e-07;5.2588501e-08;4.4876867e-07;5.2667877e-08;4.2706547e-07;5.2382468e-08;4.0933568e-07;5.2402375e-08;4.4458416e-07;5.2173298e-08;4.3500085e-07;5.2856437e-08;4.9852983e-07;5.2203113e-08;5.9077201e-07;5.2642775e-08;6.4634517e-07;5.2737793e-08;6.917245e-07;5.2383803e-08;6.390147e-07;5.2384949e-08;6.4865337e-07;5.2122907e-08;6.3784822e-07;5.2588493e-08;6.104826e-07;5.2512573e-08;5.8683335e-07;5.2540263e-08;5.8683163e-07;5.2699911e-08;5.7968677e-07;5.2483515e-08;5.5996689e-07;5.2680724e-08;5.7108972e-07;5.2490766e-08;5.4984593e-07;5.2510609e-08;5.4628052e-07;5.2476371e-08;4.9581878e-07;5.2031768e-08;4.9769882e-07;5.2500641e-08;4.9156515e-07;
5.8998575e-08;3.8609884e-07;5.9134292e-08;3.8026464e-07;5.9096323e-08;4.0333194e-07;5.9145808e-08;4.0791403e-07;5.9361315e-08;4.3219575e-07;5.8855845e-08;4.5042669e-07;5.9072076e-08;4.6486777e-07;5.9162064e-08;4.5130743e-07;5.9251361e-08;4.2573561e-07;5.8930276e-08;4.0481301e-07;5.8952671e-08;4.3937844e-07;5.8694961e-08;4.3362926e-07;5.9463492e-08;4.9973001e-07;5.8728502e-08;6.0036993e-07;5.9223121e-08;6.4969814e-07;5.9330017e-08;6.9713752e-07;5.8931779e-08;6.4388992e-07;5.8933068e-08;6.5228624e-07;5.863827e-08;6.383588e-07;5.9162055e-08;6.1159501e-07;5.9076645e-08;5.9172376e-07;5.9107796e-08;5.8823994e-07;5.92874e-08;5.8254685e-07;5.9043954e-08;5.6242947e-07;5.9265814e-08;5.7829596e-07;5.9052112e-08;5.5736484e-07;5.9074435e-08;5.5285907e-07;5.9035917e-08;5.0145782e-07;5.8535738e-08;5.0258746e-07;5.9063221e-08;4.9550085e-07;
6.5553972e-08;3.8693984e-07;6.5704769e-08;3.8170387e-07;6.5662581e-08;4.0479644e-07;6.5717564e-08;4.1064808e-07;6.5957017e-08;4.3492152e-07;6.5395383e-08;4.4828529e-07;6.563564e-08;4.6509551e-07;6.5735627e-08;4.5479874e-07;6.5834846e-08;4.2432445e-07;6.5478085e-08;3.9987944e-07;6.5502968e-08;4.3400586e-07;6.5216623e-08;4.3204357e-07;6.6070547e-08;5.0197855e-07;6.5253891e-08;6.064483e-07;6.5803468e-08;6.5327345e-07;6.5922241e-08;7.0271498e-07;6.5479754e-08;6.4930511e-07;6.5481187e-08;6.568373e-07;6.5153634e-08;6.3860177e-07;6.5735617e-08;6.1240915e-07;6.5640716e-08;5.9566403e-07;6.5675328e-08;5.8868252e-07;6.5874888e-08;5.8462525e-07;6.5604393e-08;5.6510407e-07;6.5850905e-08;5.8116462e-07;6.5613458e-08;5.6527402e-07;6.5638261e-08;5.5961374e-07;6.5595464e-08;5.070914e-07;6.5039709e-08;5.0900078e-07;6.5625802e-08;4.9904475e-07;
7.210937e-08;3.8677848e-07;7.2275246e-08;3.8411049e-07;7.2228839e-08;4.0573026e-07;7.2289321e-08;4.123714e-07;7.2552719e-08;4.3590686e-07;7.1934921e-08;4.4570165e-07;7.2199204e-08;4.6587475e-07;7.2309189e-08;4.5755066e-07;7.2418331e-08;4.2253449e-07;7.2025893e-08;3.9533019e-07;7.2053265e-08;4.3029878e-07;7.1738285e-08;4.2955636e-07;7.2677601e-08;5.0416442e-07;7.177928e-08;6.0927338e-07;7.2383815e-08;6.586849e-07;7.2514465e-08;7.0760519e-07;7.2027729e-08;6.5429349e-07;7.2029305e-08;6.6203324e-07;7.1668997e-08;6.386319e-07;7.2309178e-08;6.1329707e-07;7.2204788e-08;5.9852851e-07;7.2242861e-08;5.8784338e-07;7.2462377e-08;5.8719012e-07;7.2164833e-08;5.6844241e-07;7.2435995e-08;5.8201223e-07;7.2174804e-08;5.7330139e-07;7.2202087e-08;5.6692569e-07;7.215501e-08;5.1275332e-07;7.154368e-08;5.1535102e-07;7.2188382e-08;5.0246143e-07;
7.8664767e-08;3.8576999e-07;7.8845723e-08;3.8768911e-07;7.8795097e-08;4.0556832e-07;7.8861077e-08;4.1386572e-07;7.914842e-08;4.353354e-07;7.847446e-08;4.440751e-07;7.8762768e-08;4.6681358e-07;7.8882752e-08;4.5813342e-07;7.9001815e-08;4.2090529e-07;7.8573702e-08;3.9248973e-07;7.8603562e-08;4.2844675e-07;7.8259947e-08;4.2655933e-07;7.9284656e-08;5.0519818e-07;7.8304669e-08;6.1029548e-07;7.8964162e-08;6.6661139e-07;7.9106689e-08;7.1096857e-07;7.8575705e-08;6.5860276e-07;7.8577424e-08;6.6795204e-07;7.8184361e-08;6.3808878e-07;7.888274e-08;6.1492422e-07;7.8768859e-08;6.009549e-07;7.8810394e-08;5.8647054e-07;7.9049866e-08;5.903489e-07;7.8725272e-08;5.7242165e-07;7.9021086e-08;5.8214989e-07;7.8736149e-08;5.8015646e-07;7.8765913e-08;5.7366344e-07;7.8714556e-08;5.18745e-07;7.8047651e-08;5.2051851e-07;7.8750962e-08;5.0611845e-07;
8.5220164e-08;3.8465591e-07;8.54162e-08;3.9161582e-07;8.5361355e-08;4.0477449e-07;8.5432833e-08;4.1501878e-07;8.5744122e-08;4.3477123e-07;8.5013998e-08;4.4375326e-07;8.5326332e-08;4.6742775e-07;8.5456315e-08;4.5663443e-07;8.55853e-08;4.1988992e-07;8.512151e-08;3.9241275e-07;8.5153859e-08;4.2807683e-07;8.478161e-08;4.2379793e-07;8.589171e-08;5.0473272e-07;8.4830058e-08;6.1032423e-07;8.5544509e-08;6.7625791e-07;8.5698913e-08;7.1287588e-07;8.512368e-08;6.6267393e-07;8.5125543e-08;6.7420727e-07;8.4699724e-08;6.3799745e-07;8.5456302e-08;6.1715612e-07;8.5332931e-08;6.0317303e-07;8.5377927e-08;5.8567004e-07;8.5637355e-08;5.9390168e-07;8.5285711e-08;5.7700607e-07;8.5606176e-08;5.8301701e-07;8.5297495e-08;5.8516228e-07;8.5329739e-08;5.7988038e-07;8.5274103e-08;5.249582e-07;8.4551622e-08;5.2433933e-07;8.5313542e-08;5.096229e-07;
9.1775561e-08;3.8338799e-07;9.1986677e-08;3.9434675e-07;9.1927613e-08;4.0334241e-07;9.200459e-08;4.1572533e-07;9.2339824e-08;4.348435e-07;9.1553536e-08;4.4409059e-07;9.1889896e-08;4.6784747e-07;9.2029877e-08;4.5404293e-07;9.2168785e-08;4.2101273e-07;9.1669319e-08;3.9572457e-07;9.1704156e-08;4.2843931e-07;9.1303272e-08;4.2222487e-07;9.2498765e-08;5.0383998e-07;9.1355447e-08;6.0930235e-07;9.2124856e-08;6.8517301e-07;9.2291137e-08;7.1336514e-07;9.1671656e-08;6.6631571e-07;9.1673661e-08;6.8031989e-07;9.1215087e-08;6.4173226e-07;9.2029863e-08;6.1924466e-07;9.1897003e-08;6.0581141e-07;9.194546e-08;5.8574264e-07;9.2224844e-08;5.9722298e-07;9.1846151e-08;5.8194007e-07;9.2191267e-08;5.8503485e-07;9.1858841e-08;5.8885917e-07;9.1893565e-08;5.8446296e-07;9.1833649e-08;5.314931e-07;9.1055593e-08;5.2695084e-07;9.1876122e-08;5.124908e-07;
9.8330959e-08;3.8295706e-07;9.8557153e-08;3.9540446e-07;9.8493871e-08;4.0223873e-07;9.8576346e-08;4.1632674e-07;9.8935526e-08;4.3547247e-07;9.8093075e-08;4.4414762e-07;9.845346e-08;4.6803916e-07;9.860344e-08;4.5150214e-07;9.8752269e-08;4.2407295e-07;9.8217127e-08;4.056247e-07;9.8254452e-08;4.2940816e-07;9.7824934e-08;4.2195536e-07;9.910582e-08;5.0442991e-07;9.7880836e-08;6.0797676e-07;9.8705202e-08;6.9153844e-07;9.8883361e-08;7.1242619e-07;9.8219631e-08;6.6959777e-07;9.822178e-08;6.8638073e-07;9.7730451e-08;6.4824517e-07;9.8603425e-08;6.2059185e-07;9.8461074e-08;6.0898799e-07;9.8512993e-08;5.8666531e-07;9.8812333e-08;6.0014712e-07;9.840659e-08;5.8685758e-07;9.8776357e-08;5.879558e-07;9.8420187e-08;5.9216386e-07;9.8457391e-08;5.8847715e-07;9.8393196e-08;5.3739601e-07;9.7559564e-08;5.2975968e-07;9.8438702e-08;5.1426275e-07;
1.0488636e-07;3.8365057e-07;1.0512763e-07;3.9444799e-07;1.0506013e-07;4.0175444e-07;1.051481e-07;4.166118e-07;1.0553123e-07;4.3576682e-07;1.0463261e-07;4.4355717e-07;1.0501702e-07;4.6863764e-07;1.05177e-07;4.5043421e-07;1.0533575e-07;4.2873622e-07;1.0476494e-07;4.1992314e-07;1.0480475e-07;4.3083133e-07;1.043466e-07;4.2373493e-07;1.0571287e-07;5.0759518e-07;1.0440623e-07;6.0768914e-07;1.0528555e-07;6.9515425e-07;1.0547559e-07;7.1106238e-07;1.0476761e-07;6.7178741e-07;1.047699e-07;6.920901e-07;1.0424581e-07;6.5442664e-07;1.0517699e-07;6.2104622e-07;1.0502515e-07;6.1199523e-07;1.0508053e-07;5.8755225e-07;1.0539982e-07;6.0272348e-07;1.0496703e-07;5.9109931e-07;1.0536145e-07;5.9155846e-07;1.0498153e-07;5.9566361e-07;1.0502122e-07;5.9212609e-07;1.0495274e-07;5.4266935e-07;1.0406354e-07;5.3371438e-07;1.0500128e-07;5.1454704e-07;
1.1144175e-07;3.8461516e-07;1.1169811e-07;3.9293202e-07;1.1162639e-07;4.0253674e-07;1.1171986e-07;4.1618349e-07;1.1212693e-07;4.3473606e-07;1.1117215e-07;4.4284311e-07;1.1158059e-07;4.7016423e-07;1.1175057e-07;4.5051069e-07;1.1191924e-07;4.3382366e-07;1.1131274e-07;4.3568022e-07;1.1135505e-07;4.3272523e-07;1.1086826e-07;4.268204e-07;1.1231993e-07;5.1149774e-07;1.1093161e-07;6.0967724e-07;1.118659e-07;6.9684995e-07;1.1206781e-07;7.1051737e-07;1.1131558e-07;6.7284164e-07;1.1131802e-07;6.9599053e-07;1.1076118e-07;6.5968295e-07;1.1175055e-07;6.2171652e-07;1.1158922e-07;6.1365912e-07;1.1164806e-07;5.8833075e-07;1.1198731e-07;6.0550414e-07;1.1152747e-07;5.9467584e-07;1.1194654e-07;5.9582579e-07;1.1154288e-07;5.9959532e-07;1.1158504e-07;5.9543764e-07;1.1151229e-07;5.4770787e-07;1.1056751e-07;5.4029463e-07;1.1156386e-07;5.1302239e-07;
1.1799715e-07;3.8538116e-07;1.1826858e-07;3.9099801e-07;1.1819265e-07;4.0479395e-07;1.1829162e-07;4.1429601e-07;1.1872263e-07;4.3229343e-07;1.1771169e-07;4.4278473e-07;1.1814415e-07;4.7236248e-07;1.1832413e-07;4.512893e-07;1.1850272e-07;4.3773773e-07;1.1786055e-07;4.4983473e-07;1.1790534e-07;4.3456114e-07;1.1738992e-07;4.3011112e-07;1.1892698e-07;5.1418688e-07;1.17457e-07;6.1543069e-07;1.1844624e-07;6.9800085e-07;1.1866003e-07;7.1168726e-07;1.1786356e-07;6.7373538e-07;1.1786614e-07;6.9833214e-07;1.1727654e-07;6.6398497e-07;1.1832411e-07;6.23772e-07;1.1815329e-07;6.1396752e-07;1.1821559e-07;5.8932214e-07;1.185748e-07;6.080924e-07;1.1808791e-07;5.9777023e-07;1.1853163e-07;6.0087366e-07;1.1810422e-07;6.0400914e-07;1.1814887e-07;5.9834181e-07;1.1807183e-07;5.5336906e-07;1.1707148e-07;5.477665e-07;1.1812644e-07;5.1105056e-07;
1.2455255e-07;3.8447999e-07;1.2483906e-07;3.8918e-07;1.247589e-07;4.0782348e-07;1.2486337e-07;4.1218693e-07;1.2531833e-07;4.29929e-07;1.2425123e-07;4.4306382e-07;1.2470772e-07;4.7464926e-07;1.2489769e-07;4.5239666e-07;1.2508621e-07;4.3929081e-07;1.2440836e-07;4.6034125e-07;1.2445564e-07;4.3639909e-07;1.2391158e-07;4.329747e-07;1.2553404e-07;5.1541045e-07;1.2398239e-07;6.2267383e-07;1.2502659e-07;6.9990778e-07;1.2525226e-07;7.1483513e-07;1.2441153e-07;6.7461388e-07;1.2441425e-07;6.9910246e-07;1.237919e-07;6.676391e-07;1.2489767e-07;6.2808723e-07;1.2471736e-07;6.1406222e-07;1.2478312e-07;5.9171747e-07;1.2516229e-07;6.1063712e-07;1.2464835e-07;6.0095428e-07;1.2511672e-07;6.0621445e-07;1.2466557e-07;6.0854422e-07;1.247127e-07;6.0036845e-07;1.2463138e-07;5.5998507e-07;1.2357545e-07;5.540519e-07;1.2468902e-07;5.0922192e-07;
1.3110794e-07;3.8266759e-07;1.3140954e-07;3.8712938e-07;1.3132516e-07;4.1079107e-07;1.3143513e-07;4.1045352e-07;1.3191403e-07;4.2860555e-07;1.3079077e-07;4.4308635e-07;1.3127128e-07;4.7626319e-07;1.3147125e-07;4.530994e-07;1.3166969e-07;4.3903828e-07;1.3095617e-07;4.6453272e-07;1.3100594e-07;4.3754986e-07;1.3043325e-07;4.3436217e-07;1.3214109e-07;5.1564511e-07;1.3050778e-07;6.2898096e-07;1.3160694e-07;7.0244003e-07;1.3184448e-07;7.1982811e-07;1.3095951e-07;6.7698104e-07;1.3096237e-07;6.9869569e-07;1.3030727e-07;6.7128746e-07;1.3147123e-07;6.3345087e-07;1.3128143e-07;6.1452898e-07;1.3135066e-07;5.9546854e-07;1.3174978e-07;6.1285307e-07;1.3120879e-07;6.0468401e-07;1.3170181e-07;6.106265e-07;1.3122692e-07;6.1212069e-07;1.3127652e-07;6.0121902e-07;1.3119093e-07;5.6659884e-07;1.3007942e-07;5.5821589e-07;1.312516e-07;5.0846475e-07;
1.3766334e-07;3.8023674e-07;1.3798001e-07;3.8492453e-07;1.3789142e-07;4.122156e-07;1.3800688e-07;4.1031879e-07;1.3850974e-07;4.2893312e-07;1.373303e-07;4.422668e-07;1.3783484e-07;4.7556104e-07;1.3804482e-07;4.5314175e-07;1.3825318e-07;4.3803682e-07;1.3750398e-07;4.6585815e-07;1.3755623e-07;4.3856239e-07;1.3695491e-07;4.3417907e-07;1.3874815e-07;5.1613739e-07;1.3703317e-07;6.3247157e-07;1.3818728e-07;7.0409186e-07;1.3843671e-07;7.2598373e-07;1.3750748e-07;6.8232229e-07;1.3751049e-07;6.9886757e-07;1.3682263e-07;6.7449391e-07;1.3804479e-07;6.3868516e-07;1.378455e-07;6.1556602e-07;1.3791819e-07;6.0117524e-07;1.3833727e-07;6.1464459e-07;1.3776923e-07;6.0902374e-07;1.382869e-07;6.1262535e-07;1.3778826e-07;6.1486725e-07;1.3784035e-07;6.0095897e-07;1.3775047e-07;5.7156622e-07;1.3658339e-07;5.597626e-07;1.3781418e-07;5.091117e-07;
1.4421874e-07;3.7818518e-07;1.4455049e-07;3.8368029e-07;1.4445768e-07;4.1130354e-07;1.4457864e-07;4.1249972e-07;1.4510544e-07;4.308194e-07;1.4386984e-07;4.4045987e-07;1.4439841e-07;4.7323804e-07;1.4461838e-07;4.5270576e-07;1.4483666e-07;4.3706828e-07;1.4405179e-07;4.6547652e-07;1.4410653e-07;4.3891665e-07;1.4347657e-07;4.3174376e-07;1.453552e-07;5.1755869e-07;1.4355856e-07;6.3278322e-07;1.4476763e-07;7.0350002e-07;1.4502893e-07;7.3190259e-07;1.4405546e-07;6.8977655e-07;1.4405861e-07;7.0025116e-07;1.4333799e-07;6.7718753e-07;1.4461836e-07;6.4281139e-07;1.4440958e-07;6.1698482e-07;1.4448572e-07;6.0677149e-07;1.4492475e-07;6.1544179e-07;1.4432967e-07;6.1273253e-07;1.4487199e-07;6.1276708e-07;1.4434961e-07;6.1639903e-07;1.4440417e-07;5.9949601e-07;1.4431002e-07;5.7370897e-07;1.4308736e-07;5.6002068e-07;1.4437676e-07;5.1135328e-07;
1.5077414e-07;3.7732603e-07;1.5112097e-07;3.8330274e-07;1.5102394e-07;4.0801173e-07;1.511504e-07;4.1547807e-07;1.5170114e-07;4.3301143e-07;1.5040938e-07;4.3816959e-07;1.5096197e-07;4.6985776e-07;1.5119194e-07;4.523622e-07;1.5142015e-07;4.366404e-07;1.505996e-07;4.6429152e-07;1.5065683e-07;4.3910277e-07;1.4999823e-07;4.2851138e-07;1.5196226e-07;5.1968277e-07;1.5008395e-07;6.3157643e-07;1.5134798e-07;7.0156187e-07;1.5162115e-07;7.3705485e-07;1.5060343e-07;6.9825244e-07;1.5060673e-07;7.0308036e-07;1.4985336e-07;6.7872837e-07;1.5119192e-07;6.4672259e-07;1.5097365e-07;6.184214e-07;1.5105326e-07;6.1121382e-07;1.5151224e-07;6.1550827e-07;1.508901e-07;6.1566467e-07;1.5145708e-07;6.1266878e-07;1.5091095e-07;6.1680944e-07;1.50968e-07;5.9767967e-07;1.5086957e-07;5.7381301e-07;1.4959133e-07;5.6053713e-07;1.5093934e-07;5.148465e-07;
1.5732953e-07;3.77633e-07;1.5769145e-07;3.845417e-07;1.5759019e-07;4.0364695e-07;1.5772215e-07;4.1868844e-07;1.5829684e-07;4.3502804e-07;1.5694892e-07;4.3581603e-07;1.5752554e-07;4.6607026e-07;1.577655e-07;4.5300881e-07;1.5800363e-07;4.3699557e-07;1.571474e-07;4.6257928e-07;1.5720712e-07;4.3894939e-07;1.5651989e-07;4.2543818e-07;1.5856931e-07;5.2200109e-07;1.5660934e-07;6.3074843e-07;1.5792832e-07;6.9958131e-07;1.5821338e-07;7.4070292e-07;1.5715141e-07;7.0644837e-07;1.5715485e-07;7.0685098e-07;1.5636872e-07;6.798906e-07;1.5776548e-07;6.5080336e-07;1.5753772e-07;6.1996605e-07;1.5762079e-07;6.1382191e-07;1.5809973e-07;6.1490634e-07;1.5745054e-07;6.1794283e-07;1.5804217e-07;6.1351885e-07;1.574723e-07;6.1608257e-07;1.5753183e-07;5.9544952e-07;1.5742911e-07;5.7341922e-07;1.560953e-07;5.6235691e-07;1.5750192e-07;5.1890415e-07;
1.6388493e-07;3.7899594e-07;1.6426192e-07;3.8756747e-07;1.6415645e-07;3.9947142e-07;1.6429391e-07;4.2066627e-07;1.6489254e-07;4.3669007e-07;1.6348846e-07;4.3443067e-07;1.640891e-07;4.6257726e-07;1.6433907e-07;4.5401159e-07;1.6458712e-07;4.3774971e-07;1.6369521e-07;4.5897535e-07;1.6375742e-07;4.380951e-07;1.6304156e-07;4.2495007e-07;1.6517637e-07;5.2366729e-07;1.6313473e-07;6.3148064e-07;1.6450867e-07;7.0002091e-07;1.648056e-07;7.4295224e-07;1.6369939e-07;7.129139e-07;1.6370297e-07;7.1043449e-07;1.6288408e-07;6.8123817e-07;1.6433904e-07;6.5533003e-07;1.6410179e-07;6.2192459e-07;1.6418832e-07;6.1529026e-07;1.6468722e-07;6.145187e-07;1.6401098e-07;6.2015313e-07;1.6462726e-07;6.1592449e-07;1.6403364e-07;6.1558759e-07;1.6409565e-07;5.9339247e-07;1.6398866e-07;5.7382156e-07;1.6259927e-07;5.6478887e-07;1.640645e-07;5.2257641e-07;
1.7044033e-07;3.8025453e-07;1.708324e-07;3.9158811e-07;1.7072271e-07;3.9617436e-07;1.7086567e-07;4.210837e-07;1.7148824e-07;4.3780632e-07;1.70028e-07;4.3443508e-07;1.7065266e-07;4.5986993e-07;1.7091263e-07;4.5459955e-07;1.711706e-07;4.3876398e-07;1.7024302e-07;4.5326845e-07;1.7030772e-07;4.3658166e-07;1.6956322e-07;4.2736707e-07;1.7178342e-07;5.2423267e-07;1.6966012e-07;6.3350675e-07;1.7108902e-07;7.0279579e-07;1.7139783e-07;7.4393608e-07;1.7024736e-07;7.1686304e-07;1.7025109e-07;7.1302349e-07;1.6939945e-07;6.8334879e-07;1.709126e-07;6.5970105e-07;1.7066586e-07;6.239636e-07;1.7075585e-07;6.1586224e-07;1.7127471e-07;6.1494618e-07;1.7057142e-07;6.2283565e-07;1.7121235e-07;6.1998314e-07;1.7059499e-07;6.1543869e-07;1.7065948e-07;5.9231635e-07;1.7054821e-07;5.7550131e-07;1.6910324e-07;5.666865e-07;1.7062708e-07;5.2550544e-07;
1.7699573e-07;3.8125367e-07;1.7740288e-07;3.9647033e-07;1.7728897e-07;3.9377179e-07;1.7743742e-07;4.2099937e-07;1.7808395e-07;4.3882421e-07;1.7656753e-07;4.3583615e-07;1.7721623e-07;4.5856987e-07;1.7748619e-07;4.5420941e-07;1.7775408e-07;4.399012e-07;1.7679083e-07;4.4585806e-07;1.7685801e-07;4.3524373e-07;1.7608488e-07;4.3353502e-07;1.7839048e-07;5.2350788e-07;1.761855e-07;6.3548032e-07;1.7766936e-07;7.0667254e-07;1.7799005e-07;7.4409028e-07;1.7679534e-07;7.1948598e-07;1.767992e-07;7.1465412e-07;1.7591481e-07;6.8650018e-07;1.7748616e-07;6.6272063e-07;1.7722993e-07;6.2558097e-07;1.7732339e-07;6.1608087e-07;1.778622e-07;6.1657318e-07;1.7713186e-07;6.2594778e-07;1.7779744e-07;6.2425528e-07;1.7715634e-07;6.163069e-07;1.772233e-07;5.9209366e-07;1.7710775e-07;5.7836972e-07;1.7560722e-07;5.671744e-07;1.7718966e-07;5.2753241e-07;
1.8355112e-07;3.8135351e-07;1.8397335e-07;4.0155374e-07;1.8385523e-07;3.9147104e-07;1.8400918e-07;4.2146372e-07;1.8467965e-07;4.4004308e-07;1.8310707e-07;4.3879934e-07;1.8377979e-07;4.5828969e-07;1.8405975e-07;4.5254397e-07;1.8433757e-07;4.407522e-07;1.8333864e-07;4.3849571e-07;1.8340831e-07;4.3402693e-07;1.8260654e-07;4.4241251e-07;1.8499753e-07;5.2147325e-07;1.8271089e-07;6.3619586e-07;1.8424971e-07;7.0973807e-07;1.8458227e-07;7.4369144e-07;1.8334331e-07;7.2159791e-07;1.8334732e-07;7.1538439e-07;1.8243017e-07;6.9006475e-07;1.8405973e-07;6.6413757e-07;1.8379401e-07;6.2585029e-07;1.8389092e-07;6.162885e-07;1.8444969e-07;6.1921032e-07;1.836923e-07;6.296007e-07;1.8438253e-07;6.2783691e-07;1.8371768e-07;6.1800032e-07;1.8378713e-07;5.9237479e-07;1.836673e-07;5.8192433e-07;1.8211119e-07;5.6638492e-07;1.8375224e-07;5.2887117e-07;
1.9010652e-07;3.8066057e-07;1.9054383e-07;4.0540879e-07;1.9042148e-07;3.8993678e-07;1.9058094e-07;4.2344625e-07;1.9127535e-07;4.4149233e-07;1.8964661e-07;4.430011e-07;1.9034336e-07;4.587741e-07;1.9063332e-07;4.507873e-07;1.9092105e-07;4.4058026e-07;1.8988645e-07;4.3654208e-07;1.8995861e-07;4.3335442e-07;1.8912821e-07;4.5187784e-07;1.9160458e-07;5.1885134e-07;1.8923628e-07;6.3567798e-07;1.9083006e-07;7.1057727e-07;1.911745e-07;7.425524e-07;1.8989129e-07;7.2404228e-07;1.8989544e-07;7.1626896e-07;1.8894554e-07;6.9400961e-07;1.9063329e-07;6.647581e-07;1.9035808e-07;6.2522074e-07;1.9045845e-07;6.1645845e-07;1.9103718e-07;6.2218882e-07;1.9025274e-07;6.3301912e-07;1.9096762e-07;6.3093764e-07;1.9027903e-07;6.2027645e-07;1.9035096e-07;5.9302699e-07;1.9022684e-07;5.8539177e-07;1.8861516e-07;5.6520609e-07;1.9031482e-07;5.2969847e-07;
1.9666192e-07;3.7984845e-07;1.9711431e-07;4.0766829e-07;1.9698774e-07;3.898284e-07;1.9715269e-07;4.2670628e-07;1.9787105e-07;4.4347482e-07;1.9618615e-07;4.477959e-07;1.9690692e-07;4.5888597e-07;1.9720688e-07;4.4910695e-07;1.9750454e-07;4.3909872e-07;1.9643425e-07;4.3550018e-07;1.965089e-07;4.3251265e-07;1.9564987e-07;4.5983122e-07;1.9821164e-07;5.1662629e-07;1.9576167e-07;6.3483006e-07;1.974104e-07;7.0861726e-07;1.9776672e-07;7.4117471e-07;1.9643926e-07;7.2698209e-07;1.9644356e-07;7.1783737e-07;1.954609e-07;6.9812567e-07;1.9720685e-07;6.6537121e-07;1.9692215e-07;6.2474377e-07;1.9702599e-07;6.1683502e-07;1.9762467e-07;6.2439641e-07;1.9681318e-07;6.3615076e-07;1.9755271e-07;6.3401167e-07;1.9684037e-07;6.2279591e-07;1.9691478e-07;5.9380706e-07;1.9678639e-07;5.8805093e-07;1.9511913e-07;5.6445107e-07;1.968774e-07;5.3017539e-07;
2.0321731e-07;3.7913233e-07;2.0368478e-07;4.0766198e-07;2.03554e-07;3.9159013e-07;2.0372445e-07;4.2997986e-07;2.0446675e-07;4.4527999e-07;2.0272569e-07;4.518233e-07;2.0347048e-07;4.582359e-07;2.0378044e-07;4.4724753e-07;2.0408802e-07;4.3635217e-07;2.0298206e-07;4.3555409e-07;2.030592e-07;4.3222701e-07;2.0217153e-07;4.6529518e-07;2.0481869e-07;5.1682866e-07;2.0228706e-07;6.3483838e-07;2.0399075e-07;7.0344763e-07;2.0435895e-07;7.4017951e-07;2.0298724e-07;7.2981668e-07;2.0299168e-07;7.2071962e-07;2.0197626e-07;7.0172362e-07;2.0378041e-07;6.6619265e-07;2.0348622e-07;6.2493287e-07;2.0359352e-07;6.1740427e-07;2.0421215e-07;6.2557302e-07;2.0337362e-07;6.384421e-07;2.041378e-07;6.370042e-07;2.0340172e-07;6.2445827e-07;2.0347861e-07;5.9489031e-07;2.0334594e-07;5.8935356e-07;2.016231e-07;5.6465207e-07;2.0343999e-07;5.3035343e-07;
2.0977271e-07;3.7835352e-07;2.1025526e-07;4.0627673e-07;2.1012026e-07;3.9592717e-07;2.1029621e-07;4.325551e-07;2.1106245e-07;4.4668321e-07;2.0926523e-07;4.5457739e-07;2.1003405e-07;4.5669333e-07;2.1035401e-07;4.4485446e-07;2.1067151e-07;4.322648e-07;2.0952987e-07;4.375213e-07;2.096095e-07;4.3276193e-07;2.0869319e-07;4.683087e-07;2.1142575e-07;5.2013928e-07;2.0881245e-07;6.3618388e-07;2.105711e-07;6.9641535e-07;2.1095117e-07;7.3938183e-07;2.0953521e-07;7.3236052e-07;2.095398e-07;7.2456299e-07;2.0849163e-07;7.0442492e-07;2.1035397e-07;6.6700266e-07;2.1005029e-07;6.2598906e-07;2.1016105e-07;6.1847704e-07;2.1079964e-07;6.2615464e-07;2.0993406e-07;6.4024364e-07;2.107229e-07;6.4029013e-07;2.0996307e-07;6.2519543e-07;2.1004243e-07;5.9677063e-07;2.0990548e-07;5.8930129e-07;2.0812707e-07;5.6522778e-07;2.1000257e-07;5.3000738e-07;
2.1632811e-07;3.7740203e-07;2.1682574e-07;4.0464783e-07;2.1668652e-07;4.0185705e-07;2.1686796e-07;4.332054e-07;2.1765816e-07;4.4785611e-07;2.1580476e-07;4.5541291e-07;2.1659761e-07;4.5440187e-07;2.1692757e-07;4.4207058e-07;2.1725499e-07;4.2758928e-07;2.1607768e-07;4.4186354e-07;2.161598e-07;4.3384085e-07;2.1521486e-07;4.693108e-07;2.180328e-07;5.2575635e-07;2.1533784e-07;6.379894e-07;2.1715145e-07;6.8943821e-07;2.1754339e-07;7.382494e-07;2.1608319e-07;7.342697e-07;2.1608792e-07;7.2874572e-07;2.1500699e-07;7.0636176e-07;2.1692753e-07;6.6814553e-07;2.1661436e-07;6.2792597e-07;2.1672858e-07;6.2042242e-07;2.1738713e-07;6.2730194e-07;2.164945e-07;6.418113e-07;2.1730799e-07;6.432122e-07;2.1652441e-07;6.2478046e-07;2.1660626e-07;5.9991419e-07;2.1646503e-07;5.8860385e-07;2.1463104e-07;5.6620877e-07;2.1656515e-07;5.2891984e-07;
2.2288351e-07;3.761549e-07;2.2339621e-07;4.0340565e-07;2.2325277e-07;4.071823e-07;2.2343972e-07;4.3324603e-07;2.2425386e-07;4.4841826e-07;2.223443e-07;4.5484137e-07;2.2316118e-07;4.5176727e-07;2.2350113e-07;4.3967382e-07;2.2383848e-07;4.2348946e-07;2.2262549e-07;4.4522784e-07;2.2271009e-07;4.3447566e-07;2.2173652e-07;4.6972762e-07;2.2463986e-07;5.3207607e-07;2.2186323e-07;6.3892733e-07;2.2373179e-07;6.8509308e-07;2.2413562e-07;7.3649793e-07;2.2263116e-07;7.3481382e-07;2.2263603e-07;7.3200109e-07;2.2152235e-07;7.0753955e-07;2.235011e-07;6.7022539e-07;2.2317843e-07;6.3036413e-07;2.2329612e-07;6.2323185e-07;2.2397462e-07;6.3013109e-07;2.2305494e-07;6.43137e-07;2.2389308e-07;6.4513849e-07;2.2308576e-07;6.2335505e-07;2.2317009e-07;6.0427455e-07;2.2302458e-07;5.8803235e-07;2.2113501e-07;5.6741361e-07;2.2312773e-07;5.269183e-07;
2.294389e-07;3.7532611e-07;2.2996669e-07;4.0248566e-07;2.2981903e-07;4.1083726e-07;2.3001147e-07;4.3395502e-07;2.3084956e-07;4.4896834e-07;2.2888384e-07;4.5367702e-07;2.2972474e-07;4.4989957e-07;2.3007469e-07;4.380306e-07;2.3042196e-07;4.2036465e-07;2.291733e-07;4.4661307e-07;2.2926039e-07;4.3358696e-07;2.2825818e-07;4.7089736e-07;2.3124691e-07;5.3717332e-07;2.2838862e-07;6.3826726e-07;2.3031214e-07;6.8343536e-07;2.3072784e-07;7.34359e-07;2.2917914e-07;7.3464652e-07;2.2918415e-07;7.3428048e-07;2.2803772e-07;7.0846584e-07;2.3007466e-07;6.7311236e-07;2.2974251e-07;6.3298238e-07;2.2986365e-07;6.2649171e-07;2.3056211e-07;6.3428385e-07;2.2961538e-07;6.4452433e-07;2.3047817e-07;6.4527206e-07;2.296471e-07;6.2150858e-07;2.2973391e-07;6.0978666e-07;2.2958412e-07;5.8886368e-07;2.2763898e-07;5.6858976e-07;2.2969031e-07;5.2468843e-07;
2.359943e-07;3.7535213e-07;2.3653717e-07;4.017174e-07;2.3638529e-07;4.1137183e-07;2.3658323e-07;4.3591432e-07;2.3744526e-07;4.4952491e-07;2.3542338e-07;4.524976e-07;2.362883e-07;4.4995798e-07;2.3664826e-07;4.376587e-07;2.3700545e-07;4.1884199e-07;2.3572111e-07;4.469372e-07;2.3581069e-07;4.3256941e-07;2.3477984e-07;4.736374e-07;2.3785397e-07;5.406341e-07;2.3491401e-07;6.3613912e-07;2.3689249e-07;6.8378846e-07;2.3732007e-07;7.3254344e-07;2.3572711e-07;7.3426389e-07;2.3573227e-07;7.352257e-07;2.3455308e-07;7.097017e-07;2.3664822e-07;6.7612146e-07;2.3630658e-07;6.352498e-07;2.3643118e-07;6.2938543e-07;2.371496e-07;6.3843297e-07;2.3617582e-07;6.4570221e-07;2.3706326e-07;6.4316708e-07;2.3620845e-07;6.2009101e-07;2.3629774e-07;6.1587705e-07;2.3614367e-07;5.912384e-07;2.3414295e-07;5.6963544e-07;2.3625289e-07;5.2297758e-07;
2.425497e-07;3.7651751e-07;2.4310765e-07;4.0074536e-07;2.4295155e-07;4.1026622e-07;2.4315499e-07;4.3897515e-07;2.4404096e-07;4.4953738e-07;2.4196292e-07;4.5139905e-07;2.4285187e-07;4.519911e-07;2.4322182e-07;4.3800363e-07;2.4358893e-07;4.1805329e-07;2.4226891e-07;4.4641202e-07;2.4236098e-07;4.3246085e-07;2.413015e-07;4.7750441e-07;2.4446102e-07;5.4291239e-07;2.414394e-07;6.3315543e-07;2.4347283e-07;6.8526278e-07;2.4391229e-07;7.3257747e-07;2.4227509e-07;7.338055e-07;2.4228039e-07;7.3447044e-07;2.4106845e-07;7.1152766e-07;2.4322178e-07;6.7824391e-07;2.4287065e-07;6.3744762e-07;2.4299872e-07;6.3201445e-07;2.4373709e-07;6.4104572e-07;2.4273626e-07;6.4687324e-07;2.4364835e-07;6.3875294e-07;2.4276979e-07;6.1941959e-07;2.4286157e-07;6.2133186e-07;2.4270322e-07;5.9431723e-07;2.4064692e-07;5.7026502e-07;2.4281547e-07;5.2289984e-07;
2.491051e-07;3.782424e-07;2.4967812e-07;3.9845663e-07;2.4951781e-07;4.0933692e-07;2.4972674e-07;4.4190119e-07;2.5063666e-07;4.480627e-07;2.4850246e-07;4.5011817e-07;2.4941543e-07;4.5563799e-07;2.4979538e-07;4.3892729e-07;2.5017242e-07;4.1992805e-07;2.4881672e-07;4.453322e-07;2.4891128e-07;4.3288831e-07;2.4782317e-07;4.8165727e-07;2.5106808e-07;5.4417693e-07;2.4796478e-07;6.3042313e-07;2.5005318e-07;6.875687e-07;2.5050451e-07;7.3547469e-07;2.4882307e-07;7.3345553e-07;2.4882851e-07;7.3301463e-07;2.4758381e-07;7.139328e-07;2.4979534e-07;6.7832341e-07;2.4943472e-07;6.396051e-07;2.4956625e-07;6.3387019e-07;2.5032458e-07;6.4161083e-07;2.4929669e-07;6.4593168e-07;2.5023344e-07;6.3316007e-07;2.4933114e-07;6.1928124e-07;2.4942539e-07;6.2441841e-07;2.4926276e-07;5.9731999e-07;2.471509e-07;5.7057519e-07;2.4937805e-07;5.254247e-07;
2.5566049e-07;3.799984e-07;2.562486e-07;3.9634475e-07;2.5608406e-07;4.1066371e-07;2.562985e-07;4.4340956e-07;2.5723237e-07;4.4557345e-07;2.5504199e-07;4.4864435e-07;2.55979e-07;4.5964947e-07;2.5636894e-07;4.4027888e-07;2.567559e-07;4.2151133e-07;2.5536453e-07;4.4347428e-07;2.5546158e-07;4.3353992e-07;2.5434483e-07;4.8517906e-07;2.5767513e-07;5.4392648e-07;2.5449017e-07;6.28843e-07;2.5663353e-07;6.9109041e-07;2.5709674e-07;7.4048831e-07;2.5537104e-07;7.3383379e-07;2.5537663e-07;7.3137992e-07;2.5409917e-07;7.1558263e-07;2.563689e-07;6.7701411e-07;2.5599879e-07;6.4187359e-07;2.5613378e-07;6.3518355e-07;2.5691207e-07;6.4046241e-07;2.5585713e-07;6.4339627e-07;2.5681853e-07;6.2815681e-07;2.5589249e-07;6.184074e-07;2.5598922e-07;6.2531291e-07;2.5582231e-07;5.9921441e-07;2.5365487e-07;5.7050782e-07;2.5594063e-07;5.2936326e-07;
2.6221589e-07;3.8109795e-07;2.6281908e-07;3.949448e-07;2.6265032e-07;4.1603957e-07;2.6287026e-07;4.421742e-07;2.6382807e-07;4.425972e-07;2.6158153e-07;4.46696e-07;2.6254256e-07;4.6221778e-07;2.6294251e-07;4.4285289e-07;2.6333938e-07;4.2298096e-07;2.6191234e-07;4.4181508e-07;2.6201187e-07;4.3518426e-07;2.6086649e-07;4.8780461e-07;2.6428219e-07;5.4172729e-07;2.6101556e-07;6.2877649e-07;2.6321387e-07;6.962479e-07;2.6368896e-07;7.4641795e-07;2.6191902e-07;7.3557881e-07;2.6192475e-07;7.3022327e-07;2.6061454e-07;7.1590385e-07;2.6294247e-07;6.7554204e-07;2.6256286e-07;6.4386548e-07;2.6270131e-07;6.3571732e-07;2.6349955e-07;6.3928052e-07;2.6241757e-07;6.3948706e-07;2.6340362e-07;6.2534537e-07;2.6245383e-07;6.1709642e-07;2.6255304e-07;6.2408853e-07;2.6238185e-07;6.0000712e-07;2.6015884e-07;5.7072204e-07;2.6250321e-07;5.3331372e-07;
2.6877129e-07;3.8123043e-07;2.6938955e-07;3.9525252e-07;2.6921658e-07;4.2450708e-07;2.6944201e-07;4.3943733e-07;2.7042377e-07;4.4011039e-07;2.6812107e-07;4.4564906e-07;2.6910612e-07;4.6257785e-07;2.6951607e-07;4.4609151e-07;2.6992287e-07;4.2596842e-07;2.6846015e-07;4.4205072e-07;2.6856217e-07;4.4159603e-07;2.6738815e-07;4.8955664e-07;2.7088924e-07;5.3766252e-07;2.6754095e-07;6.3027263e-07;2.6979422e-07;7.0081577e-07;2.7028119e-07;7.5161442e-07;2.6846699e-07;7.3903618e-07;2.6847287e-07;7.3002749e-07;2.671299e-07;7.1468899e-07;2.6951603e-07;6.7486315e-07;2.6912694e-07;6.451234e-07;2.6926885e-07;6.3538965e-07;2.7008704e-07;6.3909356e-07;2.6897801e-07;6.3471827e-07;2.6998871e-07;6.2461584e-07;2.6901518e-07;6.1549357e-07;2.6911687e-07;6.2148405e-07;2.689414e-07;5.9983132e-07;2.6666281e-07;5.7180952e-07;2.6906579e-07;5.3593629e-07;
2.7532668e-07;3.8058665e-07;2.7596003e-07;3.9710595e-07;2.7578284e-07;4.3443858e-07;2.7601377e-07;4.3578685e-07;2.7701947e-07;4.3932167e-07;2.7466061e-07;4.4566801e-07;2.7566969e-07;4.6069236e-07;2.7608963e-07;4.4879221e-07;2.7650635e-07;4.3210441e-07;2.7500796e-07;4.4360748e-07;2.7511247e-07;4.4673596e-07;2.7390982e-07;4.9122231e-07;2.774963e-07;5.3324478e-07;2.7406634e-07;6.321745e-07;2.7637457e-07;7.0274566e-07;2.7687341e-07;7.541028e-07;2.7501497e-07;7.4306655e-07;2.7502098e-07;7.3157604e-07;2.7364526e-07;7.1200092e-07;2.7608959e-07;6.754448e-07;2.7569101e-07;6.4479837e-07;2.7583638e-07;6.3424765e-07;2.7667453e-07;6.4034801e-07;2.7553845e-07;6.3014487e-07;2.765738e-07;6.2506275e-07;2.7557652e-07;6.1450685e-07;2.756807e-07;6.180227e-07;2.7550095e-07;5.9899508e-07;2.7316678e-07;5.741079e-07;2.7562837e-07;5.3707122e-07;
2.8188208e-07;3.7925514e-07;2.8253051e-07;3.9950784e-07;2.823491e-07;4.4155407e-07;2.8258553e-07;4.3241932e-07;2.8361517e-07;4.3982904e-07;2.8120015e-07;4.4692455e-07;2.8223325e-07;4.5666346e-07;2.8266319e-07;4.506815e-07;2.8308984e-07;4.3960975e-07;2.8155576e-07;4.4469103e-07;2.8166276e-07;4.4918053e-07;2.8043148e-07;4.9354649e-07;2.8410335e-07;5.3092663e-07;2.8059173e-07;6.3424129e-07;2.8295491e-07;7.009766e-07;2.8346564e-07;7.5377783e-07;2.8156294e-07;7.4679644e-07;2.815691e-07;7.3446648e-07;2.8016063e-07;7.0946697e-07;2.8266315e-07;6.7687021e-07;2.8225508e-07;6.4319935e-07;2.8240391e-07;6.3306263e-07;2.8326202e-07;6.4239791e-07;2.8209889e-07;6.2719069e-07;2.8315889e-07;6.2461491e-07;2.8213787e-07;6.1493975e-07;2.8224452e-07;6.14493e-07;2.8206049e-07;5.9801685e-07;2.7967075e-07;5.773751e-07;2.8219095e-07;5.3701365e-07;
2.8843748e-07;3.7764977e-07;2.8910098e-07;4.0113907e-07;2.8891535e-07;4.4311156e-07;2.8915728e-07;4.2969863e-07;2.9021088e-07;4.4159636e-07;2.8773969e-07;4.4894888e-07;2.8879682e-07;4.5139832e-07;2.8923676e-07;4.5027166e-07;2.8967332e-07;4.4666871e-07;2.8810357e-07;4.472152e-07;2.8821306e-07;4.4924821e-07;2.8695314e-07;4.9676613e-07;2.907104e-07;5.3217542e-07;2.8711712e-07;6.3593856e-07;2.8953526e-07;6.9606676e-07;2.9005786e-07;7.5153046e-07;2.8811092e-07;7.4835637e-07;2.8811722e-07;7.3873053e-07;2.8667599e-07;7.0942058e-07;2.8923671e-07;6.7798173e-07;2.8881915e-07;6.4045857e-07;2.8897145e-07;6.323221e-07;2.8984951e-07;6.4402779e-07;2.8865933e-07;6.2557248e-07;2.8974398e-07;6.2183592e-07;2.8869921e-07;6.1514928e-07;2.8880835e-07;6.1181753e-07;2.8862004e-07;5.971284e-07;2.8617472e-07;5.802381e-07;2.8875353e-07;5.3668312e-07;
2.9499288e-07;3.7567863e-07;2.9567146e-07;4.0082591e-07;2.9548161e-07;4.3986442e-07;2.9572904e-07;4.2749054e-07;2.9680658e-07;4.4314703e-07;2.9427922e-07;4.5058385e-07;2.9536038e-07;4.4582182e-07;2.9581032e-07;4.4785857e-07;2.9625681e-07;4.5275775e-07;2.9465138e-07;4.5074037e-07;2.9476336e-07;4.4770914e-07;2.934748e-07;5.0048184e-07;2.9731746e-07;5.3757847e-07;2.9364251e-07;6.3819424e-07;2.9611561e-07;6.9025633e-07;2.9665008e-07;7.4885873e-07;2.9465889e-07;7.4902015e-07;2.9466534e-07;7.4433784e-07;2.9319135e-07;7.1188206e-07;2.9581027e-07;6.7804885e-07;2.9538322e-07;6.3756358e-07;2.9553898e-07;6.3200593e-07;2.96437e-07;6.4373067e-07;2.9521977e-07;6.2490524e-07;2.9632907e-07;6.1791741e-07;2.9526056e-07;6.1489377e-07;2.9537217e-07;6.1079365e-07;2.9517959e-07;5.958381e-07;2.9267869e-07;5.8091331e-07;2.9531611e-07;5.3689214e-07;
3.0154827e-07;3.7334996e-07;3.0224194e-07;3.9822375e-07;3.0204787e-07;4.3254663e-07;3.0230079e-07;4.2538401e-07;3.0340228e-07;4.4442977e-07;3.0081876e-07;4.5176101e-07;3.0192394e-07;4.3995194e-07;3.0238388e-07;4.4413297e-07;3.0284029e-07;4.5726066e-07;3.0119919e-07;4.5298758e-07;3.0131365e-07;4.4781932e-07;2.9999647e-07;5.0409879e-07;3.0392451e-07;5.4534424e-07;3.001679e-07;6.4141396e-07;3.0269595e-07;6.8698612e-07;3.0324231e-07;7.470469e-07;3.0120687e-07;7.4922712e-07;3.0121346e-07;7.5067841e-07;2.9970672e-07;7.1628979e-07;3.0238384e-07;6.768809e-07;3.0194729e-07;6.3490429e-07;3.0210651e-07;6.3240862e-07;3.0302449e-07;6.4170912e-07;3.0178021e-07;6.2437158e-07;3.0291416e-07;6.1401752e-07;3.0182191e-07;6.1366711e-07;3.01936e-07;6.11431e-07;3.0173913e-07;5.944023e-07;2.9918266e-07;5.7940274e-07;3.0187869e-07;5.3770169e-07;
3.0810367e-07;3.7068469e-07;3.0881241e-07;3.944667e-07;3.0861413e-07;4.2601553e-07;3.0887255e-07;4.2339465e-07;3.0999798e-07;4.4532129e-07;3.073583e-07;4.5271996e-07;3.0848751e-07;4.3379099e-07;3.0895745e-07;4.3946451e-07;3.0942378e-07;4.6032359e-07;3.07747e-07;4.5344816e-07;3.0786395e-07;4.4827711e-07;3.0651813e-07;5.0728668e-07;3.1053157e-07;5.5314781e-07;3.0669329e-07;6.4586956e-07;3.092763e-07;6.8889153e-07;3.0983453e-07;7.4728566e-07;3.0775484e-07;7.5032684e-07;3.0776158e-07;7.5646258e-07;3.0622208e-07;7.2107521e-07;3.089574e-07;6.745056e-07;3.0851137e-07;6.3283926e-07;3.0867404e-07;6.3291698e-07;3.0961198e-07;6.3813424e-07;3.0834065e-07;6.234906e-07;3.0949925e-07;6.1186601e-07;3.0838325e-07;6.1200741e-07;3.0849983e-07;6.1335605e-07;3.0829868e-07;5.9257968e-07;3.0568663e-07;5.7639825e-07;3.0844127e-07;5.388701e-07;
3.1465907e-07;3.6830519e-07;3.1538289e-07;3.9123286e-07;3.1518039e-07;4.2198235e-07;3.1544431e-07;4.2183165e-07;3.1659368e-07;4.4598479e-07;3.1389784e-07;4.5419049e-07;3.1505107e-07;4.2718796e-07;3.1553101e-07;4.3561253e-07;3.1600726e-07;4.6215496e-07;3.1429481e-07;4.5233063e-07;3.1441425e-07;4.4859414e-07;3.1303979e-07;5.0869726e-07;3.1713862e-07;5.581293e-07;3.1321868e-07;6.510617e-07;3.1585665e-07;6.9466132e-07;3.1642676e-07;7.4897659e-07;3.1430282e-07;7.5209762e-07;3.143097e-07;7.6088913e-07;3.1273744e-07;7.2469845e-07;3.1553096e-07;6.7183021e-07;3.1507544e-07;6.3107319e-07;3.1524158e-07;6.3279602e-07;3.1619946e-07;6.3338547e-07;3.1490109e-07;6.2225451e-07;3.1608434e-07;6.1182147e-07;3.149446e-07;6.1027977e-07;3.1506365e-07;6.1506325e-07;3.1485823e-07;5.9143205e-07;3.1219061e-07;5.731376e-07;3.1500385e-07;5.4015442e-07;
3.2121447e-07;3.6598633e-07;3.2195337e-07;3.8917081e-07;3.2174665e-07;4.209392e-07;3.2201606e-07;4.2101704e-07;3.2318938e-07;4.4703504e-07;3.2043738e-07;4.5601535e-07;3.2161464e-07;4.2028671e-07;3.2210457e-07;4.3398536e-07;3.2259075e-07;4.6312458e-07;3.2084262e-07;4.5003616e-07;3.2096454e-07;4.5137064e-07;3.1956145e-07;5.0870146e-07;3.2374568e-07;5.5982108e-07;3.1974406e-07;6.547184e-07;3.2243699e-07;7.0100189e-07;3.2301898e-07;7.5034572e-07;3.208508e-07;7.5413959e-07;3.2085781e-07;7.6357336e-07;3.1925281e-07;7.2740044e-07;3.2210452e-07;6.6911018e-07;3.2163951e-07;6.298041e-07;3.2180911e-07;6.3162861e-07;3.2278695e-07;6.2800222e-07;3.2146153e-07;6.2032694e-07;3.2266943e-07;6.1273213e-07;3.2150594e-07;6.0854527e-07;3.2162748e-07;6.1598056e-07;3.2141777e-07;5.9174417e-07;3.1869458e-07;5.7063667e-07;3.2156643e-07;5.4142631e-07;
3.2776986e-07;3.6423714e-07;3.2852384e-07;3.901643e-07;3.283129e-07;4.2188666e-07;3.2858782e-07;4.2122558e-07;3.2978509e-07;4.48012e-07;3.2697692e-07;4.582594e-07;3.281782e-07;4.1409107e-07;3.2867813e-07;4.345985e-07;3.2917423e-07;4.6364986e-07;3.2739042e-07;4.4759178e-07;3.2751484e-07;4.5458329e-07;3.2608311e-07;5.0721008e-07;3.3035273e-07;5.5920269e-07;3.2626945e-07;6.5687753e-07;3.2901734e-07;7.0631345e-07;3.296112e-07;7.5001325e-07;3.2739877e-07;7.5595954e-07;3.2740593e-07;7.6427133e-07;3.2576817e-07;7.2989273e-07;3.2867808e-07;6.671955e-07;3.2820358e-07;6.2944336e-07;3.2837664e-07;6.2965934e-07;3.2937444e-07;6.2259548e-07;3.2802197e-07;6.1829646e-07;3.2925452e-07;6.1219817e-07;3.2806729e-07;6.0650513e-07;3.281913e-07;6.1534797e-07;3.2797732e-07;5.9366741e-07;3.2519855e-07;5.6955353e-07;3.2812901e-07;5.4284218e-07;
3.3432526e-07;3.6301926e-07;3.3509432e-07;3.9279796e-07;3.3487916e-07;4.2282554e-07;3.3515958e-07;4.2191686e-07;3.3638079e-07;4.4890258e-07;3.3351645e-07;4.6067877e-07;3.3474176e-07;4.0922497e-07;3.352517e-07;4.373379e-07;3.3575772e-07;4.6393372e-07;3.3393823e-07;4.4585082e-07;3.3406514e-07;4.6026014e-07;3.3260478e-07;5.0472068e-07;3.3695979e-07;5.588733e-07;3.3279484e-07;6.5716737e-07;3.3559769e-07;7.0890232e-07;3.3620343e-07;7.4661471e-07;3.3394675e-07;7.5776568e-07;3.3395405e-07;7.6472335e-07;3.3228353e-07;7.3286306e-07;3.3525164e-07;6.6634001e-07;3.3476765e-07;6.3070859e-07;3.3494418e-07;6.2750451e-07;3.3596193e-07;6.1831952e-07;3.3458241e-07;6.1612428e-07;3.3583961e-07;6.0943735e-07;3.3462864e-07;6.0427177e-07;3.3475513e-07;6.1399055e-07;3.3453687e-07;5.9689353e-07;3.3170252e-07;5.6982353e-07;3.3469159e-07;5.4469276e-07;
3.4088066e-07;3.6293118e-07;3.416648e-07;3.9660501e-07;3.4144542e-07;4.2313512e-07;3.4173133e-07;4.229931e-07;3.4297649e-07;4.4808151e-07;3.4005599e-07;4.6304298e-07;3.4130533e-07;4.0736389e-07;3.4182526e-07;4.4140316e-07;3.423412e-07;4.6458229e-07;3.4048604e-07;4.4491766e-07;3.4061544e-07;4.6455778e-07;3.3912644e-07;5.0156905e-07;3.4356684e-07;5.5943719e-07;3.3932023e-07;6.5603616e-07;3.4217804e-07;7.0893085e-07;3.4279565e-07;7.4072639e-07;3.4049472e-07;7.5995786e-07;3.4050217e-07;7.6559674e-07;3.387989e-07;7.3614452e-07;3.4182521e-07;6.6645349e-07;3.4133172e-07;6.3373753e-07;3.4151171e-07;6.2541089e-07;3.4254942e-07;6.1550092e-07;3.4114285e-07;6.1388652e-07;3.424247e-07;6.0537163e-07;3.4118998e-07;6.0281975e-07;3.4131896e-07;6.1214565e-07;3.4109641e-07;5.9996854e-07;3.3820649e-07;5.707099e-07;3.4125417e-07;5.4711774e-07;
3.4743605e-07;3.6400726e-07;3.4823528e-07;4.0062216e-07;3.4801168e-07;4.2159729e-07;3.4830309e-07;4.2440164e-07;3.4957219e-07;4.4687768e-07;3.4659553e-07;4.6559398e-07;3.4786889e-07;4.0971439e-07;3.4839882e-07;4.4496856e-07;3.4892468e-07;4.6551387e-07;3.4703385e-07;4.4379739e-07;3.4716573e-07;4.6694918e-07;3.456481e-07;4.9834121e-07;3.501739e-07;5.6048082e-07;3.4584562e-07;6.5386316e-07;3.4875838e-07;7.0786292e-07;3.4938788e-07;7.3403564e-07;3.470427e-07;7.6253778e-07;3.4705029e-07;7.6716782e-07;3.4531426e-07;7.3939085e-07;3.4839877e-07;6.663475e-07;3.478958e-07;6.3675642e-07;3.4807924e-07;6.2340724e-07;3.4913691e-07;6.1393798e-07;3.4770328e-07;6.1151627e-07;3.490098e-07;6.008503e-07;3.4775133e-07;6.0254568e-07;3.4788278e-07;6.0977296e-07;3.4765596e-07;6.0204986e-07;3.4471046e-07;5.7159262e-07;3.4781675e-07;5.4994056e-07;
3.5399145e-07;3.6585352e-07;3.5480575e-07;4.0276914e-07;3.5457794e-07;4.1846707e-07;3.5487485e-07;4.2630789e-07;3.5616789e-07;4.4566246e-07;3.5313507e-07;4.6835419e-07;3.5443246e-07;4.1528833e-07;3.5497238e-07;4.4775998e-07;3.5550817e-07;4.6667787e-07;3.5358166e-07;4.4265327e-07;3.5371603e-07;4.6761097e-07;3.5216976e-07;4.9575881e-07;3.5678095e-07;5.6086086e-07;3.5237101e-07;6.5139311e-07;3.5533873e-07;7.0716817e-07;3.559801e-07;7.29297e-07;3.5359067e-07;7.6519594e-07;3.5359841e-07;7.6924582e-07;3.5182962e-07;7.4199147e-07;3.5497233e-07;6.6581497e-07;3.5445987e-07;6.3879625e-07;3.5464677e-07;6.2101982e-07;3.557244e-07;6.130526e-07;3.5426372e-07;6.0887849e-07;3.5559489e-07;5.9774996e-07;3.5431267e-07;6.033156e-07;3.5444661e-07;6.0695372e-07;3.542155e-07;6.0236057e-07;3.5121443e-07;5.723927e-07;3.5437933e-07;5.5241316e-07;
3.6054685e-07;3.6837138e-07;3.6137623e-07;4.0282019e-07;3.6114419e-07;4.1443955e-07;3.614466e-07;4.2828005e-07;3.6276359e-07;4.4552681e-07;3.5967461e-07;4.708145e-07;3.6099602e-07;4.2342437e-07;3.6154595e-07;4.501605e-07;3.6209165e-07;4.6796323e-07;3.6012947e-07;4.4069311e-07;3.6026633e-07;4.6709219e-07;3.5869143e-07;4.9532074e-07;3.6338801e-07;5.6019482e-07;3.588964e-07;6.5004059e-07;3.6191908e-07;7.0770157e-07;3.6257232e-07;7.2694094e-07;3.6013865e-07;7.6766331e-07;3.6014653e-07;7.7094972e-07;3.5834499e-07;7.4395296e-07;3.6154589e-07;6.6478983e-07;3.6102394e-07;6.3875117e-07;3.6121431e-07;6.172607e-07;3.6231189e-07;6.1179909e-07;3.6082416e-07;6.0634278e-07;3.6217998e-07;5.9576196e-07;3.6087402e-07;6.0409015e-07;3.6101043e-07;6.0378209e-07;3.6077505e-07;6.0167209e-07;3.577184e-07;5.7295722e-07;3.6094191e-07;5.5498902e-07;
3.6710225e-07;3.7027503e-07;3.6794671e-07;4.0032524e-07;3.6771045e-07;4.0970643e-07;3.6801836e-07;4.2988969e-07;3.693593e-07;4.4679281e-07;3.6621415e-07;4.7291926e-07;3.6755958e-07;4.3210662e-07;3.6811951e-07;4.5275476e-07;3.6867514e-07;4.6966447e-07;3.6667727e-07;4.3920397e-07;3.6681662e-07;4.6596967e-07;3.6521309e-07;4.9669355e-07;3.6999506e-07;5.5844773e-07;3.6542179e-07;6.5148758e-07;3.6849942e-07;7.0900735e-07;3.6916455e-07;7.2830044e-07;3.6668662e-07;7.7000846e-07;3.6669464e-07;7.7191878e-07;3.6486035e-07;7.4525785e-07;3.6811945e-07;6.6337242e-07;3.6758801e-07;6.3769768e-07;3.6778184e-07;6.1271526e-07;3.6889938e-07;6.0918122e-07;3.673846e-07;6.04274e-07;3.6876507e-07;5.9393706e-07;3.6743536e-07;6.0365234e-07;3.6757426e-07;6.0123359e-07;3.673346e-07;6.0105211e-07;3.6422237e-07;5.7353355e-07;3.6750449e-07;5.5706967e-07;
3.7365764e-07;3.7143998e-07;3.7451718e-07;3.9601282e-07;3.7427671e-07;4.0628075e-07;3.7459012e-07;4.3146952e-07;3.75955e-07;4.4899021e-07;3.7275368e-07;4.7443096e-07;3.7412315e-07;4.4009923e-07;3.7469307e-07;4.5529731e-07;3.7525862e-07;4.7165646e-07;3.7322508e-07;4.424539e-07;3.7336692e-07;4.6548342e-07;3.7173475e-07;4.9969569e-07;3.7660212e-07;5.5681476e-07;3.7194718e-07;6.5579048e-07;3.7507977e-07;7.1091232e-07;3.7575677e-07;7.325481e-07;3.732346e-07;7.7208417e-07;3.7324276e-07;7.7253963e-07;3.7137571e-07;7.4641424e-07;3.7469301e-07;6.6232828e-07;3.7415208e-07;6.3659325e-07;3.7434937e-07;6.0824689e-07;3.7548686e-07;6.0506404e-07;3.7394504e-07;6.024758e-07;3.7535016e-07;5.9187364e-07;3.7399671e-07;6.015834e-07;3.7413809e-07;5.9954e-07;3.7389414e-07;6.0105238e-07;3.7072634e-07;5.7415543e-07;3.7406707e-07;5.5904213e-07;
3.8021304e-07;3.7163577e-07;3.8108766e-07;3.9166472e-07;3.8084297e-07;4.046574e-07;3.8116187e-07;4.3301347e-07;3.825507e-07;4.5191801e-07;3.7929322e-07;4.753529e-07;3.8068671e-07;4.4647595e-07;3.8126663e-07;4.5771681e-07;3.8184211e-07;4.7362307e-07;3.7977289e-07;4.4725197e-07;3.7991722e-07;4.6695901e-07;3.7825641e-07;5.0367296e-07;3.8320917e-07;5.5600737e-07;3.7847257e-07;6.6129729e-07;3.8166012e-07;7.1228563e-07;3.82349e-07;7.3822238e-07;3.7978257e-07;7.7397973e-07;3.7979088e-07;7.7270115e-07;3.7789108e-07;7.4723693e-07;3.8126658e-07;6.619205e-07;3.8071615e-07;6.3632057e-07;3.8091691e-07;6.0606345e-07;3.8207435e-07;6.0104331e-07;3.8050548e-07;6.0080797e-07;3.8193525e-07;5.8975788e-07;3.8055806e-07;5.9925496e-07;3.8070191e-07;5.9774751e-07;3.8045369e-07;6.010502e-07;3.7723031e-07;5.7488651e-07;3.8062965e-07;5.6064484e-07;
3.8676844e-07;3.717993e-07;3.8765814e-07;3.8736277e-07;3.8740923e-07;4.0496256e-07;3.8773363e-07;4.3503002e-07;3.891464e-07;4.5482741e-07;3.8583276e-07;4.7609107e-07;3.8725028e-07;4.5128251e-07;3.878402e-07;4.6084577e-07;3.8842559e-07;4.7519823e-07;3.863207e-07;4.5062323e-07;3.8646751e-07;4.7003528e-07;3.8477808e-07;5.085274e-07;3.8981622e-07;5.5700366e-07;3.8499796e-07;6.6598e-07;3.8824046e-07;7.1380183e-07;3.8894122e-07;7.4364607e-07;3.8633055e-07;7.752587e-07;3.86339e-07;7.7253284e-07;3.8440644e-07;7.4786569e-07;3.8784014e-07;6.6301442e-07;3.8728023e-07;6.3737363e-07;3.8748444e-07;6.0622739e-07;3.8866184e-07;5.9831669e-07;3.8706592e-07;5.984159e-07;3.8852034e-07;5.8778852e-07;3.871194e-07;5.9759533e-07;3.8726574e-07;5.9454319e-07;3.8701324e-07;6.0068063e-07;3.8373429e-07;5.7551487e-07;3.8719223e-07;5.6118336e-07;
3.9332383e-07;3.7227767e-07;3.9422861e-07;3.8361291e-07;3.9397548e-07;4.0771234e-07;3.9430538e-07;4.371699e-07;3.957421e-07;4.5713729e-07;3.923723e-07;4.7600609e-07;3.9381384e-07;4.5477947e-07;3.9441376e-07;4.640905e-07;3.9500908e-07;4.7652609e-07;3.9286851e-07;4.5213697e-07;3.9301781e-07;4.7331903e-07;3.9129974e-07;5.1356039e-07;3.9642328e-07;5.5988451e-07;3.9152334e-07;6.6870667e-07;3.9482081e-07;7.1632625e-07;3.9553344e-07;7.479463e-07;3.9287852e-07;7.7475069e-07;3.9288712e-07;7.7244909e-07;3.909218e-07;7.4800542e-07;3.944137e-07;6.6433573e-07;3.938443e-07;6.3949358e-07;3.9405197e-07;6.0880122e-07;3.9524933e-07;5.9769027e-07;3.9362636e-07;5.9556194e-07;3.9510543e-07;5.8582046e-07;3.9368075e-07;5.96969e-07;3.9382957e-07;5.8902338e-07;3.9357278e-07;5.9948199e-07;3.9023826e-07;5.7578818e-07;3.9375481e-07;5.61479e-07;
3.9987923e-07;3.7282015e-07;4.0079909e-07;3.8077889e-07;4.0054174e-07;4.1025774e-07;4.0087714e-07;4.3906976e-07;4.023378e-07;4.586945e-07;3.9891184e-07;4.7457076e-07;4.003774e-07;4.5751509e-07;4.0098732e-07;4.6910816e-07;4.0159256e-07;4.7766912e-07;3.9941632e-07;4.5211818e-07;3.9956811e-07;4.759637e-07;3.978214e-07;5.175937e-07;4.0303033e-07;5.6307522e-07;3.9804873e-07;6.6873091e-07;4.0140116e-07;7.2094036e-07;4.0212567e-07;7.5132656e-07;3.994265e-07;7.7201898e-07;3.9943524e-07;7.7224102e-07;3.9743717e-07;7.4786876e-07;4.0098726e-07;6.6595582e-07;4.0040837e-07;6.4184291e-07;4.006195e-07;6.1259068e-07;4.0183682e-07;5.9894001e-07;4.001868e-07;5.9285196e-07;4.0169052e-07;5.8336528e-07;4.0024209e-07;5.9716195e-07;4.0039339e-07;5.8121892e-07;4.0013233e-07;5.9764818e-07;3.9674223e-07;5.751928e-07;4.0031739e-07;5.6045123e-07;
4.0643463e-07;3.7352007e-07;4.0736957e-07;3.7915258e-07;4.07108e-07;4.1186166e-07;4.074489e-07;4.4011214e-07;4.0893351e-07;4.6001555e-07;4.0545137e-07;4.7149216e-07;4.0694097e-07;4.6031577e-07;4.0756089e-07;4.7521259e-07;4.0817605e-07;4.7896436e-07;4.0596413e-07;4.5149764e-07;4.061184e-07;4.7723271e-07;4.0434306e-07;5.1990342e-07;4.0963739e-07;5.6492131e-07;4.0457412e-07;6.665318e-07;4.079815e-07;7.2648847e-07;4.0871789e-07;7.5398037e-07;4.0597448e-07;7.6793834e-07;4.0598336e-07;7.7189674e-07;4.0395253e-07;7.4772885e-07;4.0756082e-07;6.6685297e-07;4.0697244e-07;6.4435621e-07;4.0718704e-07;6.1639496e-07;4.0842431e-07;6.0024212e-07;4.0674724e-07;5.9132393e-07;4.0827561e-07;5.8008435e-07;4.0680344e-07;5.9701996e-07;4.0695722e-07;5.7185181e-07;4.0669188e-07;5.9556146e-07;4.032462e-07;5.7381185e-07;4.0687997e-07;5.5973274e-07;
4.1299003e-07;3.7371363e-07;4.1394004e-07;3.7925962e-07;4.1367426e-07;4.1204396e-07;4.1402065e-07;4.402634e-07;4.1552921e-07;4.6073397e-07;4.1199091e-07;4.6678949e-07;4.1350453e-07;4.6403867e-07;4.1413445e-07;4.8176252e-07;4.1475953e-07;4.8059344e-07;4.1251193e-07;4.5292092e-07;4.126687e-07;4.766879e-07;4.1086472e-07;5.2072534e-07;4.1624444e-07;5.6572939e-07;4.1109951e-07;6.6428688e-07;4.1456185e-07;7.3138962e-07;4.1531012e-07;7.5643314e-07;4.1252245e-07;7.6444809e-07;4.1253148e-07;7.7083148e-07;4.1046789e-07;7.4817533e-07;4.1413438e-07;6.6786616e-07;4.1353651e-07;6.4717356e-07;4.1375457e-07;6.1854263e-07;4.150118e-07;6.0043452e-07;4.1330768e-07;5.9127304e-07;4.148607e-07;5.762393e-07;4.1336478e-07;5.9637328e-07;4.1352104e-07;5.633382e-07;4.1325142e-07;5.9376208e-07;4.0975017e-07;5.7148577e-07;4.1344255e-07;5.5851088e-07;
4.1954542e-07;3.7385293e-07;4.2051052e-07;3.8041985e-07;4.2024052e-07;4.1148252e-07;4.2059241e-07;4.4001217e-07;4.2212491e-07;4.6048965e-07;4.1853045e-07;4.6299394e-07;4.200681e-07;4.6925237e-07;4.2070801e-07;4.8777678e-07;4.2134301e-07;4.8199261e-07;4.1905974e-07;4.5659808e-07;4.19219e-07;4.7629147e-07;4.1738639e-07;5.2070821e-07;4.228515e-07;5.6597165e-07;4.176249e-07;6.6386855e-07;4.211422e-07;7.3371973e-07;4.2190234e-07;7.5855111e-07;4.1907043e-07;7.6243839e-07;4.1907959e-07;7.6953842e-07;4.1698326e-07;7.4926316e-07;4.2070795e-07;6.6983835e-07;4.2010058e-07;6.5040941e-07;4.203221e-07;6.1972216e-07;4.2159929e-07;5.9927562e-07;4.1986812e-07;5.9206923e-07;4.2144579e-07;5.7265443e-07;4.1992613e-07;5.9450768e-07;4.2008487e-07;5.5595947e-07;4.1981097e-07;5.9298328e-07;4.1625414e-07;5.6925598e-07;4.2000513e-07;5.5817198e-07;
4.2610082e-07;3.7436291e-07;4.27081e-07;3.8218793e-07;4.2680677e-07;4.1064051e-07;4.2716417e-07;4.3964437e-07;4.2872061e-07;4.5882196e-07;4.2506999e-07;4.606292e-07;4.2663166e-07;4.7663209e-07;4.2728157e-07;4.9192696e-07;4.279265e-07;4.8326548e-07;4.2560755e-07;4.6215608e-07;4.2576929e-07;4.765528e-07;4.2390805e-07;5.2092661e-07;4.2945855e-07;5.668147e-07;4.2415029e-07;6.653497e-07;4.2772254e-07;7.3271867e-07;4.2849457e-07;7.6039962e-07;4.256184e-07;7.62791e-07;4.2562771e-07;7.6812068e-07;4.2349862e-07;7.5067888e-07;4.2728151e-07;6.7252553e-07;4.2666465e-07;6.5401943e-07;4.2688964e-07;6.1913085e-07;4.2818678e-07;5.9703999e-07;4.2642856e-07;5.9233058e-07;4.2803088e-07;5.6996428e-07;4.2648748e-07;5.9160212e-07;4.266487e-07;5.4981942e-07;4.2637051e-07;5.92808e-07;4.2275811e-07;5.6740413e-07;4.2656771e-07;5.5817472e-07;
4.3265622e-07;3.7517528e-07;4.3365148e-07;3.8369273e-07;4.3337303e-07;4.0964606e-07;4.3373592e-07;4.3925194e-07;4.3531631e-07;4.5597847e-07;4.3160953e-07;4.5995869e-07;4.3319522e-07;4.8549745e-07;4.3385514e-07;4.9531549e-07;4.3450998e-07;4.8418513e-07;4.3215536e-07;4.6841485e-07;4.3231959e-07;4.7915265e-07;4.3042971e-07;5.2210508e-07;4.3606561e-07;5.6825595e-07;4.3067568e-07;6.6927988e-07;4.3430289e-07;7.2874578e-07;4.3508679e-07;7.6114568e-07;4.3216638e-07;7.6418561e-07;4.3217583e-07;7.668428e-07;4.3001398e-07;7.5195362e-07;4.3385507e-07;6.7632869e-07;4.3322873e-07;6.5710421e-07;4.3345717e-07;6.1848964e-07;4.3477426e-07;5.9409528e-07;4.32989e-07;5.9097337e-07;4.3461597e-07;5.6875438e-07;4.3304882e-07;5.876745e-07;4.3321252e-07;5.4493095e-07;4.3293006e-07;5.9291546e-07;4.2926208e-07;5.6737128e-07;4.3313029e-07;5.5854325e-07;
4.3921162e-07;3.7674202e-07;4.4022195e-07;3.8490525e-07;4.3993929e-07;4.0900121e-07;4.4030768e-07;4.3885775e-07;4.4191201e-07;4.5274274e-07;4.3814907e-07;4.6075696e-07;4.3975879e-07;4.9309782e-07;4.404287e-07;4.9822074e-07;4.4109347e-07;4.8514516e-07;4.3870317e-07;4.7408702e-07;4.3886989e-07;4.843224e-07;4.3695137e-07;5.2428716e-07;4.4267266e-07;5.6892923e-07;4.3720107e-07;6.7411378e-07;4.4088324e-07;7.2467573e-07;4.4167901e-07;7.6098291e-07;4.3871435e-07;7.655802e-07;4.3872395e-07;7.6587716e-07;4.3652935e-07;7.5283272e-07;4.4042863e-07;6.8083873e-07;4.397928e-07;6.594072e-07;4.400247e-07;6.1817979e-07;4.4136175e-07;5.9082248e-07;4.3954944e-07;5.8910774e-07;4.4120106e-07;5.6749725e-07;4.3961017e-07;5.8292053e-07;4.3977635e-07;5.4250792e-07;4.3948961e-07;5.9310055e-07;4.3576605e-07;5.676662e-07;4.3969287e-07;5.5825534e-07;
4.4576701e-07;3.7861108e-07;4.4679243e-07;3.8594147e-07;4.4650555e-07;4.0832743e-07;4.4687944e-07;4.3829709e-07;4.4850772e-07;4.5001664e-07;4.446886e-07;4.6201308e-07;4.4632235e-07;4.9903032e-07;4.4700226e-07;5.0138034e-07;4.4767695e-07;4.8582296e-07;4.4525098e-07;4.7828605e-07;4.4542018e-07;4.9093977e-07;4.4347304e-07;5.2607923e-07;4.4927972e-07;5.6745888e-07;4.4372646e-07;6.7884353e-07;4.4746358e-07;7.2270381e-07;4.4827124e-07;7.5941231e-07;4.4526233e-07;7.6659676e-07;4.4527207e-07;7.6546052e-07;4.4304471e-07;7.5295832e-07;4.4700219e-07;6.857644e-07;4.4635687e-07;6.6066706e-07;4.4659223e-07;6.1886221e-07;4.4794924e-07;5.8765933e-07;4.4610987e-07;5.8683857e-07;4.4778615e-07;5.6614136e-07;4.4617151e-07;5.7768923e-07;4.4634017e-07;5.456624e-07;4.4604915e-07;5.9240774e-07;4.4227002e-07;5.677164e-07;4.4625545e-07;5.5724512e-07;
4.5232241e-07;3.8038933e-07;4.5336291e-07;3.8729227e-07;4.5307181e-07;4.0806763e-07;4.5345119e-07;4.3716457e-07;4.5510342e-07;4.4708566e-07;4.5122814e-07;4.6379263e-07;4.5288592e-07;5.0286498e-07;4.5357582e-07;5.041026e-07;4.5426044e-07;4.8641197e-07;4.5179879e-07;4.8121839e-07;4.5197048e-07;4.9650843e-07;4.499947e-07;5.2629019e-07;4.5588677e-07;5.6440122e-07;4.5025185e-07;6.8242344e-07;4.5404393e-07;7.2304024e-07;4.5486346e-07;7.5795573e-07;4.518103e-07;7.6749674e-07;4.5182019e-07;7.6510098e-07;4.4956007e-07;7.529531e-07;4.5357575e-07;6.9060039e-07;4.5292094e-07;6.6099507e-07;4.5315977e-07;6.2049091e-07;4.5453673e-07;5.8499797e-07;4.5267031e-07;5.8506815e-07;4.5437124e-07;5.6422189e-07;4.5273286e-07;5.7220759e-07;4.52904e-07;5.4770517e-07;4.526087e-07;5.9012119e-07;4.4877399e-07;5.6599143e-07;4.5281803e-07;5.5493127e-07;
4.5887781e-07;3.816175e-07;4.5993338e-07;3.8855416e-07;4.5963806e-07;4.0981274e-07;4.6002295e-07;4.3619947e-07;4.6169912e-07;4.4330699e-07;4.5776768e-07;4.6660139e-07;4.5944948e-07;5.0524649e-07;4.6014939e-07;5.0654908e-07;4.6084392e-07;4.8642046e-07;4.5834659e-07;4.8314337e-07;4.5852078e-07;4.9939773e-07;4.5651636e-07;5.2480655e-07;4.6249383e-07;5.6190929e-07;4.5677724e-07;6.8399628e-07;4.6062428e-07;7.2447214e-07;4.6145569e-07;7.5690042e-07;4.5835828e-07;7.685689e-07;4.5836831e-07;7.649005e-07;4.5607544e-07;7.5275558e-07;4.6014932e-07;6.9551719e-07;4.5948501e-07;6.612937e-07;4.597273e-07;6.2257998e-07;4.6112422e-07;5.8314509e-07;4.5923075e-07;5.8361202e-07;4.6095633e-07;5.6221541e-07;4.592942e-07;5.6718379e-07;4.5946783e-07;5.4945674e-07;4.5916825e-07;5.8676622e-07;4.5527797e-07;5.620948e-07;4.5938061e-07;5.5209896e-07;
4.654332e-07;3.8154654e-07;4.6650386e-07;3.8964506e-07;4.6620432e-07;4.1342676e-07;4.6659471e-07;4.3556436e-07;4.6829482e-07;4.3762874e-07;4.6430722e-07;4.69523e-07;4.6601304e-07;5.0736353e-07;4.6672295e-07;5.0855721e-07;4.6742741e-07;4.8548404e-07;4.648944e-07;4.8397803e-07;4.6507108e-07;4.9899576e-07;4.6303802e-07;5.2208694e-07;4.6910088e-07;5.6016451e-07;4.6330262e-07;6.8443102e-07;4.6720463e-07;7.2567802e-07;4.6804791e-07;7.5718457e-07;4.6490625e-07;7.7037218e-07;4.6491642e-07;7.6456743e-07;4.625908e-07;7.5244335e-07;4.6672288e-07;7.0035726e-07;4.6604908e-07;6.6188079e-07;4.6629483e-07;6.2469976e-07;4.6771171e-07;5.8221037e-07;4.6579119e-07;5.8208808e-07;4.6754142e-07;5.6045491e-07;4.6585555e-07;5.6266745e-07;4.6603165e-07;5.5120571e-07;4.6572779e-07;5.8294526e-07;4.6178194e-07;5.5787971e-07;4.6594319e-07;5.488453e-07;
4.719886e-07;3.8055891e-07;4.7307434e-07;3.9185194e-07;4.7277058e-07;4.18161e-07;4.7316646e-07;4.3496885e-07;4.7489052e-07;4.2896397e-07;4.7084676e-07;4.7178548e-07;4.7257661e-07;5.0957396e-07;4.7329651e-07;5.1041387e-07;4.7401089e-07;4.8411508e-07;4.7144221e-07;4.8409575e-07;4.7162137e-07;4.959568e-07;4.6955968e-07;5.1890342e-07;4.7570794e-07;5.5947261e-07;4.6982801e-07;6.8365003e-07;4.7378497e-07;7.2598462e-07;4.7464013e-07;7.5809239e-07;4.7145423e-07;7.7267706e-07;4.7146454e-07;7.6421188e-07;4.6910616e-07;7.5214575e-07;4.7329644e-07;7.0517622e-07;4.7261316e-07;6.6285228e-07;4.7286237e-07;6.267217e-07;4.742992e-07;5.8221408e-07;4.7235163e-07;5.8069125e-07;4.7412651e-07;5.5934067e-07;4.724169e-07;5.5874636e-07;4.7259548e-07;5.5471298e-07;4.7228734e-07;5.7890035e-07;4.6828591e-07;5.5487307e-07;4.7250577e-07;5.4623933e-07;
4.78544e-07;3.7923838e-07;4.7964481e-07;3.9551314e-07;4.7933684e-07;4.231842e-07;4.7973822e-07;4.3440742e-07;4.8148622e-07;4.1970124e-07;4.773863e-07;4.7228433e-07;4.7914017e-07;5.1136655e-07;4.7987007e-07;5.1159632e-07;4.8059438e-07;4.8321901e-07;4.7799002e-07;4.8383149e-07;4.7817167e-07;4.9116806e-07;4.7608135e-07;5.163778e-07;4.8231499e-07;5.5887372e-07;4.763534e-07;6.8257626e-07;4.8036532e-07;7.253683e-07;4.8123236e-07;7.5804432e-07;4.780022e-07;7.7492509e-07;4.7801266e-07;7.641783e-07;4.7562153e-07;7.516725e-07;4.7987e-07;7.095927e-07;4.7917723e-07;6.6365939e-07;4.794299e-07;6.2899611e-07;4.8088669e-07;5.8318569e-07;4.7891207e-07;5.7961239e-07;4.807116e-07;5.598824e-07;4.7897824e-07;5.5527398e-07;4.791593e-07;5.5902441e-07;4.7884689e-07;5.7466487e-07;4.7478988e-07;5.5447897e-07;4.7906835e-07;5.4368817e-07;
4.850994e-07;3.7947557e-07;4.8621529e-07;4.0087056e-07;4.859031e-07;4.270602e-07;4.8630997e-07;4.3378374e-07;4.8808193e-07;4.1147007e-07;4.8392583e-07;4.7035355e-07;4.8570374e-07;5.1283716e-07;4.8644364e-07;5.128627e-07;4.8717786e-07;4.8320073e-07;4.8453783e-07;4.8353137e-07;4.8472197e-07;4.8687775e-07;4.8260301e-07;5.1423941e-07;4.8892204e-07;5.5757828e-07;4.8287879e-07;6.818443e-07;4.8694567e-07;7.2449828e-07;4.8782458e-07;7.563679e-07;4.8455018e-07;7.7669909e-07;4.8456078e-07;7.646526e-07;4.8213689e-07;7.5103302e-07;4.8644356e-07;7.1268147e-07;4.857413e-07;6.6434158e-07;4.8599743e-07;6.3145119e-07;4.8747417e-07;5.8497513e-07;4.8547251e-07;5.7922381e-07;4.872967e-07;5.6051697e-07;4.8553959e-07;5.5275407e-07;4.8572313e-07;5.6248867e-07;4.8540643e-07;5.7037647e-07;4.8129385e-07;5.5528429e-07;4.8563093e-07;5.4194728e-07;
4.9165479e-07;3.8151064e-07;4.9278577e-07;4.049549e-07;4.9246935e-07;4.2915323e-07;4.9288173e-07;4.3380104e-07;4.9467763e-07;4.0739904e-07;4.9046537e-07;4.6755484e-07;4.922673e-07;5.1362169e-07;4.930172e-07;5.1410258e-07;4.9376135e-07;4.8409945e-07;4.9108564e-07;4.833675e-07;4.9127226e-07;4.8496682e-07;4.8912467e-07;5.1167337e-07;4.955291e-07;5.5509282e-07;4.8940418e-07;6.8163946e-07;4.9352601e-07;7.2393229e-07;4.9441681e-07;7.5389966e-07;4.9109816e-07;7.7717813e-07;4.911089e-07;7.6555509e-07;4.8865225e-07;7.4993804e-07;4.9301712e-07;7.1472261e-07;4.9230537e-07;6.6478037e-07;4.9256496e-07;6.3387453e-07;4.9406166e-07;5.8743863e-07;4.9203295e-07;5.7936589e-07;4.9388179e-07;5.6188336e-07;4.9210093e-07;5.5240341e-07;4.9228696e-07;5.6464163e-07;4.9196598e-07;5.6636307e-07;4.8779782e-07;5.5626136e-07;4.9219351e-07;5.4002155e-07;
4.9821019e-07;3.8495473e-07;4.9935624e-07;4.058801e-07;4.9903561e-07;4.2952618e-07;4.9945349e-07;4.3509177e-07;5.0127333e-07;4.0973766e-07;4.9700491e-07;4.6493551e-07;4.9883086e-07;5.1299077e-07;4.9959076e-07;5.1520316e-07;5.0034483e-07;4.8551925e-07;4.9763344e-07;4.8304629e-07;4.9782256e-07;4.8543769e-07;4.9564633e-07;5.0788829e-07;5.0213615e-07;5.513349e-07;4.9592957e-07;6.8209669e-07;5.0010636e-07;7.2377916e-07;5.0100903e-07;7.515121e-07;4.9764613e-07;7.7684501e-07;4.9765702e-07;7.6647931e-07;4.9516762e-07;7.4947981e-07;4.9959069e-07;7.1540234e-07;4.9886944e-07;6.6519572e-07;4.991325e-07;6.3620975e-07;5.0064915e-07;5.900336e-07;4.9859339e-07;5.79546e-07;5.0046688e-07;5.6558749e-07;4.9866228e-07;5.5405424e-07;4.9885078e-07;5.6568339e-07;4.9852552e-07;5.6279171e-07;4.9430179e-07;5.5661237e-07;4.9875609e-07;5.3829729e-07;
5.0476559e-07;3.885465e-07;5.0592672e-07;4.0296312e-07;5.0560187e-07;4.2818135e-07;5.0602524e-07;4.3740904e-07;5.0786903e-07;4.1522249e-07;5.0354445e-07;4.6448067e-07;5.0539443e-07;5.1146045e-07;5.0616433e-07;5.1625648e-07;5.0692831e-07;4.8715029e-07;5.0418125e-07;4.8261764e-07;5.0437286e-07;4.8786816e-07;5.02168e-07;5.0309428e-07;5.0874321e-07;5.4665076e-07;5.0245496e-07;6.8262069e-07;5.0668671e-07;7.2377121e-07;5.0760125e-07;7.5053948e-07;5.0419411e-07;7.7614669e-07;5.0420514e-07;7.672338e-07;5.0168298e-07;7.4950626e-07;5.0616425e-07;7.1539902e-07;5.0543351e-07;6.6559687e-07;5.0570003e-07;6.3821158e-07;5.0723664e-07;5.9250737e-07;5.0515383e-07;5.7906074e-07;5.0705197e-07;5.7170642e-07;5.0522363e-07;5.5790597e-07;5.0541461e-07;5.6646954e-07;5.0508507e-07;5.5965025e-07;5.0080576e-07;5.5608925e-07;5.0531867e-07;5.3642333e-07;
5.1132099e-07;3.9080593e-07;5.124972e-07;3.96833e-07;5.1216813e-07;4.261775e-07;5.12597e-07;4.4016499e-07;5.1446473e-07;4.2211759e-07;5.1008399e-07;4.6600372e-07;5.1195799e-07;5.0891296e-07;5.1273789e-07;5.1691299e-07;5.135118e-07;4.88788e-07;5.1072906e-07;4.812924e-07;5.1092315e-07;4.9146869e-07;5.0868966e-07;4.9847831e-07;5.1535026e-07;5.4182508e-07;5.0898035e-07;6.8233803e-07;5.1326705e-07;7.2344709e-07;5.1419348e-07;7.5164025e-07;5.1074208e-07;7.7538018e-07;5.1075326e-07;7.6766221e-07;5.0819834e-07;7.4991933e-07;5.1273781e-07;7.1556492e-07;5.1199759e-07;6.6602595e-07;5.1226756e-07;6.4045414e-07;5.1382413e-07;5.9456523e-07;5.1171427e-07;5.7833608e-07;5.1363706e-07;5.785684e-07;5.1178497e-07;5.6201932e-07;5.1197843e-07;5.6781668e-07;5.1164462e-07;5.5679302e-07;5.0730973e-07;5.5507404e-07;5.1188125e-07;5.347808e-07;
5.1787638e-07;3.923414e-07;5.1906767e-07;3.9167696e-07;5.1873439e-07;4.2423069e-07;5.1916876e-07;4.4195465e-07;5.2106043e-07;4.2670562e-07;5.1662353e-07;4.6853714e-07;5.1852156e-07;5.0479939e-07;5.1931145e-07;5.1651141e-07;5.2009528e-07;4.9040355e-07;5.1727687e-07;4.791369e-07;5.1747345e-07;4.9516064e-07;5.1521132e-07;4.9601037e-07;5.2195732e-07;5.3827902e-07;5.1550574e-07;6.8120602e-07;5.198474e-07;7.2256664e-07;5.207857e-07;7.5239298e-07;5.1729006e-07;7.7461451e-07;5.1730137e-07;7.6791375e-07;5.1471371e-07;7.5024498e-07;5.1931137e-07;7.1636817e-07;5.1856166e-07;6.6683648e-07;5.188351e-07;6.4307311e-07;5.2041162e-07;5.9641951e-07;5.1827471e-07;5.7784143e-07;5.2022215e-07;5.8492493e-07;5.1834632e-07;5.6492203e-07;5.1854226e-07;5.7019512e-07;5.1820416e-07;5.5449138e-07;5.138137e-07;5.5410367e-07;5.1844383e-07;5.3329858e-07;
5.2443178e-07;3.9329316e-07;5.2563815e-07;3.8912031e-07;5.2530065e-07;4.2300103e-07;5.2574051e-07;4.4271432e-07;5.2765614e-07;4.2722548e-07;5.2316306e-07;4.711565e-07;5.2508512e-07;5.0018057e-07;5.2588501e-07;5.1532366e-07;5.2667877e-07;4.9150846e-07;5.2382468e-07;4.7647263e-07;5.2402375e-07;4.9832213e-07;5.2173298e-07;4.9773211e-07;5.2856437e-07;5.3663686e-07;5.2203113e-07;6.7942583e-07;5.2642775e-07;7.2069647e-07;5.2737793e-07;7.5126863e-07;5.2383803e-07;7.7336834e-07;5.2384949e-07;7.6699246e-07;5.2122907e-07;7.5032398e-07;5.2588493e-07;7.1753094e-07;5.2512573e-07;6.6856514e-07;5.2540263e-07;6.4581345e-07;5.2699911e-07;5.979849e-07;5.2483515e-07;5.7814686e-07;5.2680724e-07;5.8971788e-07;5.2490766e-07;5.6656643e-07;5.2510609e-07;5.7344082e-07;5.2476371e-07;5.52962e-07;5.2031768e-07;5.53843e-07;5.2500641e-07;5.3206523e-07;
5.3098718e-07;3.947729e-07;5.3220863e-07;3.9085078e-07;5.318669e-07;4.2288391e-07;5.3231227e-07;4.4245493e-07;5.3425184e-07;4.2433736e-07;5.297026e-07;4.7218751e-07;5.3164868e-07;4.9359142e-07;5.3245858e-07;5.1333489e-07;5.3326225e-07;4.9184922e-07;5.3037249e-07;4.7404662e-07;5.3057404e-07;5.0053121e-07;5.2825465e-07;5.0316785e-07;5.3517143e-07;5.3681468e-07;5.2855651e-07;6.7741385e-07;5.3300809e-07;7.173905e-07;5.3397015e-07;7.4800465e-07;5.3038601e-07;7.7221485e-07;5.3039761e-07;7.6571334e-07;5.2774443e-07;7.4964119e-07;5.3245849e-07;7.1806287e-07;5.316898e-07;6.7141492e-07;5.3197016e-07;6.4794017e-07;5.335866e-07;5.9913368e-07;5.3139559e-07;5.7942722e-07;5.3339233e-07;5.9287969e-07;5.3146901e-07;5.6714231e-07;5.3166991e-07;5.7439207e-07;5.3132326e-07;5.5281604e-07;5.2682165e-07;5.5438301e-07;5.3156899e-07;5.3093429e-07;
5.3754257e-07;3.9626759e-07;5.3877911e-07;3.9425825e-07;5.3843316e-07;4.2327579e-07;5.3888403e-07;4.4144148e-07;5.4084754e-07;4.1981577e-07;5.3624214e-07;4.7093018e-07;5.3821225e-07;4.8587455e-07;5.3903214e-07;5.1159186e-07;5.3984574e-07;4.910549e-07;5.369203e-07;4.7270955e-07;5.3712434e-07;5.0208703e-07;5.3477631e-07;5.0945739e-07;5.4177848e-07;5.3790632e-07;5.350819e-07;6.7564993e-07;5.3958844e-07;7.1309362e-07;5.4056237e-07;7.4350457e-07;5.3693398e-07;7.7127284e-07;5.3694573e-07;7.6398718e-07;5.342598e-07;7.4807744e-07;5.3903206e-07;7.1783752e-07;5.3825387e-07;6.749537e-07;5.3853769e-07;6.4849852e-07;5.4017409e-07;5.9974157e-07;5.3795603e-07;5.8144292e-07;5.3997742e-07;5.9421395e-07;5.3803035e-07;5.6944609e-07;5.3823374e-07;5.7493383e-07;5.378828e-07;5.5371323e-07;5.3332562e-07;5.553793e-07;5.3813157e-07;5.3003148e-07;
5.4409797e-07;3.9722636e-07;5.4534958e-07;3.9768495e-07;5.4499942e-07;4.2354306e-07;5.4545578e-07;4.4012331e-07;5.4744324e-07;4.1691162e-07;5.4278168e-07;4.6745837e-07;5.4477581e-07;4.7756505e-07;5.456057e-07;5.1038157e-07;5.4642922e-07;4.8951753e-07;5.434681e-07;4.7276878e-07;5.4367464e-07;5.0244295e-07;5.4129797e-07;5.144765e-07;5.4838554e-07;5.3854174e-07;5.4160729e-07;6.7452368e-07;5.4616879e-07;7.0817727e-07;5.471546e-07;7.3807543e-07;5.4348196e-07;7.708844e-07;5.4349385e-07;7.6202805e-07;5.4077516e-07;7.454961e-07;5.4560562e-07;7.1614015e-07;5.4481794e-07;6.78233e-07;5.4510523e-07;6.4766636e-07;5.4676157e-07;5.9991805e-07;5.4451646e-07;5.8357116e-07;5.4656251e-07;5.947351e-07;5.445917e-07;5.7403974e-07;5.4479757e-07;5.7472805e-07;5.4444235e-07;5.5559362e-07;5.3982959e-07;5.568424e-07;5.4469415e-07;5.2945456e-07;
5.5065337e-07;3.979493e-07;5.5192006e-07;4.0031225e-07;5.5156568e-07;4.2329757e-07;5.5202754e-07;4.3877177e-07;5.5403894e-07;4.1607597e-07;5.4932122e-07;4.6280647e-07;5.5133938e-07;4.705807e-07;5.5217926e-07;5.0943173e-07;5.5301271e-07;4.8752391e-07;5.5001591e-07;4.7367519e-07;5.5022493e-07;5.0075823e-07;5.4781963e-07;5.1697742e-07;5.5499259e-07;5.3647264e-07;5.4813268e-07;6.7440883e-07;5.5274913e-07;7.0309101e-07;5.5374682e-07;7.3244085e-07;5.5002993e-07;7.7086127e-07;5.5004197e-07;7.5999174e-07;5.4729052e-07;7.4147674e-07;5.5217918e-07;7.1345627e-07;5.5138202e-07;6.808434e-07;5.5167276e-07;6.456699e-07;5.5334906e-07;6.0012178e-07;5.510769e-07;5.8544865e-07;5.531476e-07;5.9489708e-07;5.5115305e-07;5.8070626e-07;5.5136139e-07;5.7161314e-07;5.510019e-07;5.5716338e-07;5.4633356e-07;5.581841e-07;5.5125673e-07;5.2936678e-07;
5.5720877e-07;3.9821568e-07;5.5849054e-07;4.020607e-07;5.5813194e-07;4.2237887e-07;5.5859929e-07;4.3761494e-07;5.6063465e-07;4.1754353e-07;5.5586076e-07;4.5699772e-07;5.5790294e-07;4.6723104e-07;5.5875283e-07;5.080292e-07;5.5959619e-07;4.8512286e-07;5.5656372e-07;4.7552231e-07;5.5677523e-07;4.9717999e-07;5.5434129e-07;5.1558345e-07;5.6159965e-07;5.3023231e-07;5.5465807e-07;6.7475098e-07;5.5932948e-07;6.9848342e-07;5.6033905e-07;7.2767291e-07;5.5657791e-07;7.7117404e-07;5.5659009e-07;7.5832555e-07;5.5380589e-07;7.3692206e-07;5.5875274e-07;7.1045144e-07;5.5794609e-07;6.8199072e-07;5.5824029e-07;6.4437772e-07;5.5993655e-07;6.0119071e-07;5.5763734e-07;5.8686374e-07;5.5973269e-07;5.9473308e-07;5.5771439e-07;5.8815627e-07;5.5792522e-07;5.6611997e-07;5.5756144e-07;5.5809397e-07;5.5283753e-07;5.5970988e-07;5.5781931e-07;5.3010727e-07;
5.6376416e-07;3.9864249e-07;5.6506101e-07;4.0367676e-07;5.6469819e-07;4.2151541e-07;5.6517105e-07;4.3642599e-07;5.6723035e-07;4.2080035e-07;5.6240029e-07;4.5141338e-07;5.644665e-07;4.6769986e-07;5.6532639e-07;5.0507171e-07;5.6617968e-07;4.8322779e-07;5.6311153e-07;4.780948e-07;5.6332553e-07;4.9296838e-07;5.6086296e-07;5.1184579e-07;5.682067e-07;5.1907258e-07;5.6118346e-07;6.7506257e-07;5.6590983e-07;6.9403714e-07;5.6693127e-07;7.2409173e-07;5.6312589e-07;7.70887e-07;5.631382e-07;7.5732034e-07;5.6032125e-07;7.3228726e-07;5.653263e-07;7.0752677e-07;5.6451016e-07;6.8101731e-07;5.6480783e-07;6.4447153e-07;5.6652404e-07;6.0295068e-07;5.6419778e-07;5.8779599e-07;5.6631778e-07;5.9411159e-07;5.6427574e-07;5.9319834e-07;5.6448904e-07;5.6183969e-07;5.6412099e-07;5.5822458e-07;5.593415e-07;5.6120888e-07;5.6438189e-07;5.31847e-07;
5.7031956e-07;3.9895163e-07;5.7163149e-07;4.0589089e-07;5.7126445e-07;4.2218544e-07;5.7174281e-07;4.3412371e-07;5.7382605e-07;4.238423e-07;5.6893983e-07;4.4591006e-07;5.7103007e-07;4.7144492e-07;5.7189995e-07;5.0094564e-07;5.7276316e-07;4.8212812e-07;5.6965934e-07;4.8081736e-07;5.6987582e-07;4.8953313e-07;5.6738462e-07;5.0668153e-07;5.7481375e-07;5.0460522e-07;5.6770885e-07;6.7388529e-07;5.7249017e-07;6.9062328e-07;5.7352349e-07;7.2227136e-07;5.6967386e-07;7.6993292e-07;5.6968632e-07;7.5709189e-07;5.6683661e-07;7.2793378e-07;5.7189986e-07;7.0524708e-07;5.7107423e-07;6.7854518e-07;5.7137536e-07;6.4658925e-07;5.7311153e-07;6.0538161e-07;5.7075822e-07;5.8809531e-07;5.7290287e-07;5.9309896e-07;5.7083708e-07;5.9246061e-07;5.7105287e-07;5.6035677e-07;5.7068053e-07;5.585527e-07;5.6584547e-07;5.6288373e-07;5.7094447e-07;5.3422837e-07;
5.7687496e-07;3.9858652e-07;5.7820197e-07;4.0759657e-07;5.7783071e-07;4.2456915e-07;5.7831456e-07;4.3017457e-07;5.8042175e-07;4.2639632e-07;5.7547937e-07;4.3941846e-07;5.7759363e-07;4.7647942e-07;5.7847351e-07;4.9684522e-07;5.7934665e-07;4.8199828e-07;5.7620715e-07;4.8287787e-07;5.7642612e-07;4.8744327e-07;5.7390628e-07;5.0181342e-07;5.8142081e-07;4.8941076e-07;5.7423424e-07;6.7106332e-07;5.7907052e-07;6.8874505e-07;5.8011572e-07;7.2175642e-07;5.7622184e-07;7.6786924e-07;5.7623444e-07;7.5834523e-07;5.7335198e-07;7.2507301e-07;5.7847343e-07;7.0435869e-07;5.776383e-07;6.7494542e-07;5.7794289e-07;6.496934e-07;5.7969902e-07;6.0781783e-07;5.7731866e-07;5.8801946e-07;5.7948796e-07;5.9186034e-07;5.7739843e-07;5.9201362e-07;5.776167e-07;5.6162826e-07;5.7724008e-07;5.5971484e-07;5.7234944e-07;5.640382e-07;5.7750705e-07;5.3653692e-07;
5.8343035e-07;3.9657847e-07;5.8477244e-07;4.083836e-07;5.8439697e-07;4.2806701e-07;5.8488632e-07;4.2531128e-07;5.8701745e-07;4.2845125e-07;5.8201891e-07;4.3238102e-07;5.841572e-07;4.794457e-07;5.8504708e-07;4.9380979e-07;5.8593013e-07;4.8270119e-07;5.8275495e-07;4.8378159e-07;5.8297642e-07;4.8748215e-07;5.8042794e-07;4.9755642e-07;;;5.8075963e-07;6.6547158e-07;5.8565087e-07;6.8856621e-07;5.8670794e-07;7.2173059e-07;5.8276981e-07;7.6550803e-07;5.8278256e-07;7.6056678e-07;5.7986734e-07;7.2352781e-07;5.8504699e-07;7.0486977e-07;5.8420237e-07;6.7070983e-07;5.8451042e-07;6.5243178e-07;5.8628651e-07;6.0996464e-07;5.838791e-07;5.8763469e-07;5.8607305e-07;5.9106506e-07;5.8395977e-07;5.9215375e-07;5.8418052e-07;5.6205783e-07;5.8379963e-07;5.6248729e-07;5.7885341e-07;5.6536479e-07;5.8406963e-07;5.3842717e-07;
5.8998575e-07;3.9374089e-07;5.9134292e-07;4.07784e-07;5.9096323e-07;4.3091766e-07;5.9145808e-07;4.2005487e-07;5.9361315e-07;4.2972193e-07;5.8855845e-07;4.2632393e-07;5.9072076e-07;4.7940353e-07;5.9162064e-07;4.9319995e-07;5.9251361e-07;4.8336388e-07;5.8930276e-07;4.8379142e-07;5.8952671e-07;4.8958098e-07;5.8694961e-07;4.9438674e-07;;;5.8728502e-07;6.5839163e-07;5.9223121e-07;6.8823338e-07;5.9330017e-07;7.212594e-07;5.8931779e-07;7.6306888e-07;5.8933068e-07;7.626916e-07;5.863827e-07;7.2438454e-07;5.9162055e-07;7.0601364e-07;5.9076645e-07;6.6687186e-07;5.9107796e-07;6.5450462e-07;5.92874e-07;6.1166489e-07;5.9043954e-07;5.8705129e-07;5.9265814e-07;5.9087249e-07;5.9052112e-07;5.8924614e-07;5.9074435e-07;5.6071893e-07;5.9035917e-07;5.6621522e-07;5.8535738e-07;5.6667012e-07;5.9063221e-07;5.3984072e-07;
5.9654115e-07;3.9054877e-07;5.979134e-07;4.0625553e-07;5.9752948e-07;4.3161645e-07;5.9802983e-07;4.1548703e-07;6.0020886e-07;4.3031797e-07;5.9509799e-07;4.2203613e-07;5.9728432e-07;4.7649273e-07;5.981942e-07;4.9371174e-07;5.990971e-07;4.8338194e-07;5.9585057e-07;4.8257417e-07;5.9607701e-07;4.9235589e-07;5.9347127e-07;4.9172273e-07;;;5.9381041e-07;6.4943196e-07;5.9881156e-07;6.8628036e-07;5.9989239e-07;7.2007444e-07;5.9586576e-07;7.6087099e-07;5.958788e-07;7.6418438e-07;5.9289807e-07;7.2693222e-07;5.9819411e-07;7.0711533e-07;5.9733052e-07;6.6558479e-07;5.9764549e-07;6.56454e-07;5.9946149e-07;6.1318692e-07;5.9699998e-07;5.8669068e-07;5.9924323e-07;5.9158535e-07;5.9708247e-07;5.8638054e-07;5.9730817e-07;5.56465e-07;5.9691872e-07;5.7001109e-07;5.9186136e-07;5.6845999e-07;5.9719479e-07;5.4082846e-07;
6.0309655e-07;3.8792186e-07;6.0448387e-07;4.0466858e-07;6.0409574e-07;4.3005468e-07;6.0460159e-07;4.1259249e-07;6.0680456e-07;4.3016476e-07;6.0163752e-07;4.2108107e-07;6.0384789e-07;4.7131142e-07;6.0476777e-07;4.943008e-07;6.0568058e-07;4.8268123e-07;6.0239838e-07;4.8069203e-07;6.0262731e-07;4.9338869e-07;5.9999293e-07;4.8870055e-07;;;6.0033579e-07;6.4017092e-07;6.0539191e-07;6.8207937e-07;;;6.0241374e-07;7.58689e-07;6.0242692e-07;7.6435793e-07;5.9941343e-07;7.3138588e-07;6.0476767e-07;7.073869e-07;6.0389459e-07;6.6698131e-07;6.0421302e-07;6.592418e-07;6.0604897e-07;6.1517527e-07;6.0356042e-07;5.868516e-07;6.0582832e-07;5.9302559e-07;6.0364381e-07;5.8594725e-07;6.03872e-07;5.5229959e-07;6.0347827e-07;5.72681e-07;5.9836533e-07;5.7037529e-07;6.0375737e-07;5.417409e-07;
6.0965194e-07;3.8601384e-07;6.1105435e-07;4.0357239e-07;6.10662e-07;4.2653224e-07;6.1117335e-07;4.1146603e-07;6.1340026e-07;4.2897299e-07;6.0817706e-07;4.2145002e-07;6.1041145e-07;4.6539657e-07;6.1134133e-07;4.9392192e-07;6.1226407e-07;4.8140091e-07;6.0894619e-07;4.7766963e-07;6.0917761e-07;4.9177594e-07;6.0651459e-07;4.8337986e-07;;;6.0686118e-07;6.3090812e-07;6.1197226e-07;6.7582617e-07;;;6.0896171e-07;7.5654329e-07;6.0897504e-07;7.638298e-07;6.0592879e-07;7.3629547e-07;6.1134123e-07;7.0699214e-07;6.1045866e-07;6.7038174e-07;6.1078055e-07;6.638371e-07;6.1263646e-07;6.1803745e-07;6.1012086e-07;5.8796624e-07;6.1241341e-07;5.9512522e-07;6.1020516e-07;5.8780596e-07;6.1043583e-07;5.53103e-07;6.1003781e-07;5.7382296e-07;6.048693e-07;5.7206905e-07;6.1031996e-07;5.4305602e-07;
6.1620734e-07;3.8500003e-07;6.1762483e-07;4.0359879e-07;6.1722826e-07;4.2234976e-07;6.177451e-07;4.1240629e-07;6.1999596e-07;4.2738283e-07;6.147166e-07;4.2161689e-07;6.1697502e-07;4.6000863e-07;6.1791489e-07;4.9391765e-07;6.1884755e-07;4.7985789e-07;6.15494e-07;4.7345988e-07;6.157279e-07;4.872783e-07;6.1303626e-07;4.7645185e-07;;;6.1338657e-07;6.2268833e-07;6.185526e-07;6.6950787e-07;;;6.1550969e-07;7.5341134e-07;6.1552315e-07;7.6322214e-07;6.1244416e-07;7.4082837e-07;6.179148e-07;7.0671819e-07;6.1702273e-07;6.7474494e-07;6.1734809e-07;6.6951819e-07;6.1922395e-07;6.2207572e-07;6.166813e-07;5.8976287e-07;6.189985e-07;5.9742413e-07;6.167665e-07;5.9175141e-07;6.1699965e-07;5.5325017e-07;6.1659736e-07;5.7295297e-07;6.1137327e-07;5.7358397e-07;6.1688254e-07;5.4484091e-07;
6.2276274e-07;3.8543024e-07;6.2419531e-07;4.0452932e-07;6.2379452e-07;4.1810421e-07;6.2431686e-07;4.1438497e-07;6.2659166e-07;4.2581567e-07;6.2125614e-07;4.1996175e-07;6.2353858e-07;4.5543424e-07;6.2448845e-07;4.9377831e-07;6.2543104e-07;4.7834213e-07;6.2204181e-07;4.6776432e-07;6.222782e-07;4.8078228e-07;;;;;6.1991196e-07;6.1417591e-07;6.2513295e-07;6.6524445e-07;;;6.2205766e-07;7.497756e-07;6.2207127e-07;7.6262269e-07;6.1895952e-07;7.444132e-07;6.2448836e-07;7.0709388e-07;6.235868e-07;6.792722e-07;6.2391562e-07;6.7492554e-07;6.2581144e-07;6.2669176e-07;6.2324174e-07;5.9197751e-07;6.255836e-07;5.9922807e-07;6.2332785e-07;5.9591457e-07;6.2356348e-07;5.5394353e-07;6.2315691e-07;5.7095052e-07;6.1787724e-07;5.75019e-07;6.2344512e-07;5.4664863e-07;
6.2931814e-07;3.8690591e-07;6.3076578e-07;4.0614263e-07;6.3036077e-07;4.1460861e-07;6.3088862e-07;4.1639033e-07;6.3318736e-07;4.2526417e-07;6.2779568e-07;4.1632313e-07;6.3010214e-07;4.5160246e-07;6.3106202e-07;4.9343688e-07;6.3201452e-07;4.7666531e-07;6.2858961e-07;4.62332e-07;6.288285e-07;4.7523801e-07;;;;;6.2643735e-07;6.0485129e-07;6.317133e-07;6.6213393e-07;;;6.2860564e-07;7.451534e-07;6.2861939e-07;7.6193449e-07;6.2547488e-07;7.4694234e-07;6.3106192e-07;7.0794786e-07;6.3015087e-07;6.830302e-07;6.3048315e-07;6.7886463e-07;6.3239893e-07;6.3071869e-07;6.2980218e-07;5.9425462e-07;6.3216869e-07;6.0019557e-07;6.298892e-07;5.9874146e-07;6.301273e-07;5.6115772e-07;6.2971645e-07;5.6894419e-07;6.2438121e-07;5.7623393e-07;6.300077e-07;5.4767027e-07;
6.3587353e-07;3.8910346e-07;6.3733626e-07;4.0793913e-07;6.3692703e-07;4.1170763e-07;6.3746037e-07;4.1800385e-07;6.3978307e-07;4.2531282e-07;;;6.3666571e-07;4.481596e-07;6.3763558e-07;4.9255459e-07;6.3859801e-07;4.7484958e-07;6.3513742e-07;4.5819277e-07;6.3537879e-07;4.7111689e-07;;;;;6.3296274e-07;5.9355712e-07;6.3829364e-07;6.5849218e-07;;;6.3515361e-07;7.3990447e-07;6.3516751e-07;7.6111811e-07;6.3199025e-07;7.4839596e-07;6.3763548e-07;7.0889881e-07;6.3671495e-07;6.8573192e-07;6.3705069e-07;6.8114386e-07;6.3898642e-07;6.3295719e-07;6.3636262e-07;5.9623596e-07;6.3875378e-07;6.0107093e-07;6.3645054e-07;6.0014107e-07;6.3669113e-07;5.7165825e-07;6.36276e-07;5.6877074e-07;6.3088518e-07;5.7710315e-07;6.3657028e-07;5.4745384e-07;
6.4242893e-07;3.9152172e-07;6.4390674e-07;4.089556e-07;6.4349329e-07;4.0919898e-07;6.4403213e-07;4.1827341e-07;6.4637877e-07;4.2569681e-07;;;6.4322927e-07;4.4570747e-07;6.4420914e-07;4.8767868e-07;;;6.4168523e-07;4.557851e-07;6.4192909e-07;4.686941e-07;;;;;6.3948813e-07;5.8136791e-07;6.4487399e-07;6.5274403e-07;;;6.4170159e-07;7.3435546e-07;6.4171563e-07;7.6032956e-07;6.3850561e-07;7.487579e-07;6.4420904e-07;7.094001e-07;6.4327902e-07;6.8756198e-07;6.4361822e-07;6.816891e-07;6.4557391e-07;6.3373591e-07;6.4292305e-07;5.979353e-07;6.4533887e-07;6.02358e-07;6.4301189e-07;6.0050821e-07;6.4325496e-07;5.8176026e-07;6.4283554e-07;5.7089271e-07;6.3738915e-07;5.7718475e-07;6.4313286e-07;5.456455e-07;
6.4898433e-07;3.9299709e-07;6.5047721e-07;4.0950082e-07;6.5005955e-07;4.0684759e-07;6.5060388e-07;4.173564e-07;6.5297447e-07;4.2629668e-07;;;6.4979284e-07;4.4375736e-07;6.507827e-07;4.8329027e-07;;;6.4823304e-07;4.541585e-07;6.4847939e-07;4.6550764e-07;;;;;6.4601352e-07;5.6853013e-07;6.5145434e-07;6.4447473e-07;;;6.4824957e-07;7.28856e-07;6.4826375e-07;7.5956931e-07;6.4502097e-07;7.4808453e-07;6.507826e-07;7.1012267e-07;6.4984309e-07;6.8885817e-07;6.5018575e-07;6.8185124e-07;6.521614e-07;6.3329341e-07;6.4948349e-07;5.994671e-07;6.5192396e-07;6.0517747e-07;6.4957323e-07;6.010967e-07;6.4981878e-07;5.8956186e-07;6.4939509e-07;5.7429333e-07;6.4389312e-07;5.7606929e-07;6.4969544e-07;5.4266105e-07;
6.5553972e-07;3.9359421e-07;6.5704769e-07;4.0926779e-07;6.5662581e-07;4.0422141e-07;6.5717564e-07;4.1502408e-07;6.5957017e-07;4.2700876e-07;;;6.563564e-07;4.4346687e-07;6.5735627e-07;4.7973181e-07;;;;;6.5502968e-07;4.6043368e-07;;;;;6.5253891e-07;5.5570244e-07;6.5803468e-07;6.3376239e-07;;;6.5479754e-07;7.2346394e-07;6.5481187e-07;7.5857805e-07;6.5153634e-07;7.4638915e-07;6.5735617e-07;7.1116141e-07;6.5640716e-07;6.9011279e-07;6.5675328e-07;6.8207407e-07;6.5874888e-07;6.3296724e-07;6.5604393e-07;6.0102416e-07;6.5850905e-07;6.0902967e-07;6.5613458e-07;6.0264418e-07;6.5638261e-07;5.9385568e-07;6.5595464e-07;5.7762196e-07;6.5039709e-07;5.7330647e-07;6.5625802e-07;5.3905529e-07;
6.6209512e-07;3.9203612e-07;6.6361817e-07;4.0900486e-07;6.6319206e-07;4.0119245e-07;6.637474e-07;4.1133124e-07;6.6616587e-07;4.2741082e-07;;;;;;;;;;;6.6157998e-07;4.5269125e-07;;;;;;;6.6461503e-07;6.2033545e-07;;;6.6134552e-07;7.1787536e-07;6.6135998e-07;7.5757206e-07;6.580517e-07;7.4379006e-07;6.6392973e-07;7.1271348e-07;6.6297123e-07;6.9180094e-07;6.6332082e-07;6.8259192e-07;6.6533637e-07;6.3360729e-07;6.6260437e-07;6.0306869e-07;6.6509414e-07;6.1294973e-07;6.6269592e-07;6.0523472e-07;6.6294643e-07;5.957792e-07;6.6251418e-07;5.798062e-07;6.5690106e-07;5.693532e-07;6.628206e-07;5.3608416e-07;
;;6.7018864e-07;4.0846426e-07;6.6975832e-07;3.9785975e-07;6.7031915e-07;4.0782646e-07;6.7276157e-07;4.271735e-07;;;;;;;;;;;6.6813028e-07;4.4435879e-07;;;;;;;6.7119538e-07;6.0344151e-07;;;6.6789349e-07;7.119751e-07;6.679081e-07;7.5543652e-07;6.6456706e-07;7.4066203e-07;6.7050329e-07;7.1462077e-07;6.695353e-07;6.9411649e-07;6.6988835e-07;6.8275744e-07;6.7192386e-07;6.3534674e-07;6.6916481e-07;6.0588743e-07;6.7167923e-07;6.1567944e-07;6.6925727e-07;6.082493e-07;6.6951026e-07;5.9690837e-07;6.6907373e-07;5.796059e-07;6.6340504e-07;5.6493141e-07;6.6938318e-07;5.3365283e-07;
;;6.7675912e-07;4.0771784e-07;6.7632458e-07;3.942469e-07;6.7689091e-07;4.0542194e-07;6.7935728e-07;4.2540676e-07;;;;;;;;;;;6.7468057e-07;4.3688962e-07;;;;;;;6.7777572e-07;5.8329819e-07;;;6.7444147e-07;7.0578462e-07;6.7445622e-07;7.5287457e-07;6.7108243e-07;7.3695105e-07;6.7707685e-07;7.1642394e-07;6.7609938e-07;6.9694896e-07;6.7645588e-07;6.8244437e-07;6.7851135e-07;6.3847145e-07;6.7572525e-07;6.1003282e-07;6.7826432e-07;6.1682267e-07;6.7581862e-07;6.1128804e-07;6.7607409e-07;5.9808081e-07;6.7563328e-07;5.7792411e-07;6.6990901e-07;5.6065831e-07;6.7594576e-07;5.3176027e-07;
;;6.833296e-07;4.0679689e-07;6.8289084e-07;3.9148556e-07;6.8346267e-07;4.0504511e-07;6.8595298e-07;4.226831e-07;;;;;;;;;;;6.8123087e-07;4.3157859e-07;;;;;;;;;;;6.8098944e-07;7.0111573e-07;6.8100434e-07;7.5052125e-07;6.7759779e-07;7.3335893e-07;6.8365041e-07;7.175392e-07;6.8266345e-07;6.9981192e-07;6.8302342e-07;6.8175266e-07;6.8509884e-07;6.4310981e-07;6.8228569e-07;6.144716e-07;6.8484941e-07;6.1631708e-07;6.8237996e-07;6.1426865e-07;6.8263791e-07;6.003227e-07;6.8219282e-07;5.7693882e-07;6.7641298e-07;5.5780569e-07;6.8250834e-07;5.3044332e-07;
;;6.8990007e-07;4.0575225e-07;6.894571e-07;3.8977097e-07;;;6.9254868e-07;4.1942767e-07;;;;;;;;;;;6.8778117e-07;4.2903653e-07;;;;;;;;;;;6.8753742e-07;6.9743796e-07;6.8755246e-07;7.4829201e-07;6.8411316e-07;7.3021293e-07;6.9022397e-07;7.1789802e-07;6.8922752e-07;7.0256603e-07;6.8959095e-07;6.8098694e-07;6.9168633e-07;6.4971208e-07;6.8884613e-07;6.1899443e-07;6.914345e-07;6.1557359e-07;6.8894131e-07;6.1700894e-07;6.8920174e-07;6.0343534e-07;6.8875237e-07;5.7859067e-07;6.8291695e-07;5.5716227e-07;6.8907092e-07;5.2994324e-07;
;;;;;;;;;;;;;;;;;;;;6.9433146e-07;4.2824628e-07;;;;;;;;;;;6.9408539e-07;6.9549222e-07;6.9410058e-07;7.4625219e-07;6.9062852e-07;7.2829983e-07;6.9679754e-07;7.176413e-07;6.9579159e-07;7.0509257e-07;6.9615848e-07;6.8033438e-07;6.9827382e-07;6.5704935e-07;6.9540657e-07;6.2259505e-07;6.9801959e-07;6.1624854e-07;6.9550265e-07;6.1923801e-07;6.9576557e-07;6.0771908e-07;6.9531192e-07;5.8321046e-07;6.8942092e-07;5.5905241e-07;6.956335e-07;5.3058041e-07;
;;;;;;;;;;;;;;;;;;;;;;;;;;;;;;;;;;7.006487e-07;7.4392957e-07;6.9714388e-07;7.2835791e-07;7.033711e-07;7.1709071e-07;7.0235566e-07;7.0748132e-07;7.0272601e-07;6.7970771e-07;7.0486131e-07;6.6286041e-07;7.0196701e-07;6.2524916e-07;7.0460468e-07;6.1872864e-07;7.02064e-07;6.2069265e-07;7.0232939e-07;6.123023e-07;7.0187146e-07;5.8919294e-07;6.9592489e-07;5.6255924e-07;7.0219608e-07;5.322725e-07;
;;;;;;;;;;;;;;;;;;;;;;;;;;;;;;;;;;7.0719682e-07;7.405906e-07;7.0365925e-07;7.3015005e-07;7.0994466e-07;7.1583984e-07;7.0891973e-07;7.0999564e-07;7.0929355e-07;6.7932226e-07;7.114488e-07;6.6531322e-07;7.0852745e-07;6.267832e-07;7.1118977e-07;6.2273621e-07;7.0862534e-07;6.2167836e-07;7.0889322e-07;6.1718191e-07;7.0843101e-07;5.9459177e-07;7.0242886e-07;5.6529838e-07;7.0875866e-07;5.3423165e-07;
;;;;;;;;;;;;;;;;;;;;;;;;;;;;;;;;;;7.1374493e-07;7.3591902e-07;7.1017461e-07;7.3256093e-07;7.1651822e-07;7.1363896e-07;7.1548381e-07;7.1281825e-07;7.1586108e-07;6.7925393e-07;7.1803628e-07;6.6468979e-07;7.1508789e-07;6.2817319e-07;7.1777486e-07;6.2694589e-07;7.1518669e-07;6.2280892e-07;7.1545704e-07;6.2220721e-07;7.1499055e-07;5.9771423e-07;7.0893283e-07;5.6667366e-07;7.1532124e-07;5.3558999e-07;
;;;;;;;;;;;;;;;;;;;;;;;;;;;;;;;;;;7.2029305e-07;7.3045806e-07;7.1668997e-07;7.3397152e-07;7.2309178e-07;7.1028142e-07;7.2204788e-07;7.1560732e-07;7.2242861e-07;6.7962028e-07;7.2462377e-07;6.6216652e-07;7.2164833e-07;6.2910347e-07;7.2435995e-07;6.3004948e-07;7.2174804e-07;6.2477908e-07;7.2202087e-07;6.2728919e-07;7.215501e-07;6.0103652e-07;7.154368e-07;5.6741046e-07;7.2188382e-07;5.356182e-07;
;;;;;;;;;;;;;;;;;;;;;;;;;;;;;;;;;;;;7.2320534e-07;7.3354186e-07;7.2966534e-07;7.060083e-07;7.2861195e-07;7.1787859e-07;7.2899615e-07;6.8017797e-07;7.3121126e-07;6.5999562e-07;7.2820877e-07;6.2994216e-07;7.3094504e-07;6.3175565e-07;7.2830938e-07;6.2748245e-07;7.285847e-07;6.3198627e-07;7.2810965e-07;6.0433731e-07;7.2194077e-07;5.687643e-07;7.284464e-07;5.3428794e-07;
;;;;;;;;;;;;;;;;;;;;;;;;;;;;;;;;;;;;7.297207e-07;7.3029033e-07;7.3623891e-07;7.0103827e-07;7.3517602e-07;7.1831135e-07;7.3556368e-07;6.805986e-07;7.3779875e-07;6.5898307e-07;7.3476921e-07;6.3048719e-07;7.3753013e-07;6.3269789e-07;7.3487073e-07;6.3084859e-07;7.3514852e-07;6.3588044e-07;7.3466919e-07;6.0532897e-07;7.2844475e-07;5.7118796e-07;7.3500898e-07;5.3211823e-07;
;;;;;;;;;;;;;;;;;;;;;;;;;;;;;;;;;;;;7.3623606e-07;7.2557375e-07;7.4281247e-07;6.9625769e-07;7.4174009e-07;7.174142e-07;7.4213121e-07;6.8048927e-07;7.4438624e-07;6.5925631e-07;7.4132964e-07;6.312485e-07;7.4411522e-07;6.3347885e-07;7.4143207e-07;6.3386365e-07;7.4171235e-07;6.3860259e-07;7.4122874e-07;6.0522861e-07;7.3494872e-07;5.7427681e-07;7.4157156e-07;5.2944118e-07;
;;;;;;;;;;;;;;;;;;;;;;;;;;;;;;;;;;;;7.4275143e-07;7.2056995e-07;7.4938603e-07;6.9168984e-07;7.4830416e-07;7.1455208e-07;7.4869874e-07;6.7973675e-07;7.5097373e-07;6.5933777e-07;7.4789008e-07;6.3255754e-07;7.5070031e-07;6.3409736e-07;7.4799342e-07;6.3477365e-07;7.4827617e-07;6.403366e-07;7.4778829e-07;6.0469482e-07;7.4145269e-07;5.7666877e-07;7.4813414e-07;5.2705394e-07;
;;;;;;;;;;;;;;;;;;;;;;;;;;;;;;;;;;;;7.4926679e-07;7.1611919e-07;7.5595959e-07;6.8804719e-07;7.5486824e-07;7.11138e-07;7.5526628e-07;6.7854857e-07;7.5756122e-07;6.5884389e-07;7.5445052e-07;6.3459865e-07;7.572854e-07;6.3442624e-07;7.5455477e-07;6.3378914e-07;7.5484e-07;6.4164702e-07;7.5434783e-07;6.0467037e-07;7.4795666e-07;5.7753051e-07;7.5469672e-07;5.2493212e-07;
;;;;;;;;;;;;;;;;;;;;;;;;;;;;;;;;;;;;7.5578215e-07;7.1223392e-07;7.6253315e-07;6.8526075e-07;7.6143231e-07;7.0747447e-07;7.6183381e-07;6.7765203e-07;7.6414871e-07;6.5779373e-07;7.6101096e-07;6.3727262e-07;7.638705e-07;6.3448439e-07;7.6111611e-07;6.3221983e-07;7.6140383e-07;6.4259621e-07;7.6090738e-07;6.0602102e-07;7.5446063e-07;5.7730358e-07;7.612593e-07;5.2331341e-07;
;;;;;;;;;;;;;;;;;;;;;;;;;;;;;;;;;;;;7.6229752e-07;7.088446e-07;7.6910671e-07;6.829883e-07;7.6799638e-07;7.0398452e-07;7.6840134e-07;6.7749216e-07;7.707362e-07;6.5733495e-07;7.675714e-07;6.3999382e-07;7.7045559e-07;6.3457748e-07;7.6767746e-07;6.3166649e-07;7.6796765e-07;6.4290228e-07;7.6746693e-07;6.0932912e-07;7.609646e-07;5.7625458e-07;7.6782188e-07;5.2192328e-07;
;;;;;;;;;;;;;;;;;;;;;;;;;;;;;;;;;;;;7.6881288e-07;7.0602483e-07;7.7568028e-07;6.797182e-07;7.7456045e-07;7.0004667e-07;7.7496888e-07;6.7830825e-07;7.7732368e-07;6.5804675e-07;7.7413184e-07;6.4222174e-07;7.7704068e-07;6.3437042e-07;7.742388e-07;6.3340127e-07;7.7453148e-07;6.4251156e-07;7.7402647e-07;6.1333191e-07;7.6746857e-07;5.7514539e-07;7.7438446e-07;5.2096293e-07;
;;;;;;;;;;;;;;;;;;;;;;;;;;;;;;;;;;;;7.7532824e-07;7.0342263e-07;7.8225384e-07;6.747179e-07;7.8112452e-07;6.9480869e-07;7.8153641e-07;6.7993149e-07;7.8391117e-07;6.6035869e-07;7.8069228e-07;6.4370471e-07;7.8362577e-07;6.3408837e-07;7.8080015e-07;6.3773537e-07;7.810953e-07;6.4202057e-07;7.8058602e-07;6.1650375e-07;7.7397254e-07;5.7377151e-07;7.8094704e-07;5.2013097e-07;
;;;;;;;;;;;;;;;;;;;;;;;;;;;;;;;;;;;;7.8184361e-07;7.0102261e-07;7.888274e-07;6.6744227e-07;7.8768859e-07;6.8790434e-07;7.8810394e-07;6.8185329e-07;7.9049866e-07;6.6377334e-07;7.8725272e-07;6.4456256e-07;7.9021086e-07;6.3339415e-07;7.8736149e-07;6.4380613e-07;7.8765913e-07;6.420964e-07;7.8714556e-07;6.1829916e-07;7.8047651e-07;5.72198e-07;7.8750962e-07;5.1985011e-07;
;;;;;;;;;;;;;;;;;;;;;;;;;;;;;;;;;;;;7.8835897e-07;6.9828429e-07;7.9540096e-07;6.5865943e-07;7.9425267e-07;6.7933273e-07;7.9467147e-07;6.8281867e-07;7.9708615e-07;6.6720514e-07;7.9381316e-07;6.4510755e-07;7.9679595e-07;6.3223692e-07;7.9392284e-07;6.4935544e-07;7.9422296e-07;6.4253932e-07;7.9370511e-07;6.1894721e-07;7.8698048e-07;5.699698e-07;7.940722e-07;5.1925132e-07;
;;;;;;;;;;;;;;;;;;;;;;;;;;;;;;;;;;;;;;8.0197452e-07;6.4857117e-07;8.0081674e-07;6.7076509e-07;8.0123901e-07;6.8158893e-07;8.0367364e-07;6.691345e-07;8.003736e-07;6.4565842e-07;8.0338104e-07;6.3091616e-07;8.0048419e-07;6.531107e-07;8.0078678e-07;6.4330418e-07;8.0026466e-07;6.1907628e-07;7.9348445e-07;5.6725168e-07;8.0063478e-07;5.1831823e-07;
;;;;;;;;;;;;;;;;;;;;;;;;;;;;;;;;;;;;;;8.0854808e-07;6.3852155e-07;8.0738081e-07;6.6415171e-07;8.0780654e-07;6.777084e-07;8.1026113e-07;6.6856746e-07;8.0693404e-07;6.4661026e-07;8.0996613e-07;6.3013538e-07;8.0704553e-07;6.5485943e-07;8.0735061e-07;6.4376487e-07;8.068242e-07;6.1928862e-07;7.9998843e-07;5.6466165e-07;8.0719736e-07;5.1683903e-07;
;;;;;;;;;;;;;;;;;;;;;;;;;;;;;;;;;;;;;;8.1512165e-07;6.285367e-07;8.1394488e-07;6.6038971e-07;8.1437407e-07;6.7179519e-07;8.1684862e-07;6.6637e-07;8.1349448e-07;6.4806372e-07;8.1655122e-07;6.3013446e-07;8.1360688e-07;6.5524364e-07;8.1391443e-07;6.4356756e-07;8.1338375e-07;6.1955831e-07;8.064924e-07;5.6284668e-07;8.1375994e-07;5.1498015e-07;
;;;;;;;;;;;;;;;;;;;;;;;;;;;;;;;;;;;;;;8.2169521e-07;6.1956395e-07;8.2050895e-07;6.5894875e-07;8.2094161e-07;6.6513166e-07;8.2343611e-07;6.6373694e-07;8.2005492e-07;6.4990343e-07;8.2313631e-07;6.3092796e-07;8.2016822e-07;6.5470707e-07;8.2047826e-07;6.4242094e-07;8.199433e-07;6.1939435e-07;8.1299637e-07;5.6234014e-07;8.2032252e-07;5.1369635e-07;
;;;;;;;;;;;;;;;;;;;;;;;;;;;;;;;;;;;;;;8.2826877e-07;6.1140545e-07;8.2707302e-07;6.5931297e-07;8.2750914e-07;6.601715e-07;8.3002359e-07;6.6172452e-07;8.2661536e-07;6.5097312e-07;8.297214e-07;6.3258706e-07;8.2672957e-07;6.5361283e-07;8.2704209e-07;6.4068724e-07;8.2650284e-07;6.1858123e-07;8.1950034e-07;5.6293024e-07;8.268851e-07;5.1293427e-07;
;;;;;;;;;;;;;;;;;;;;;;;;;;;;;;;;;;;;;;8.3484233e-07;6.0404327e-07;8.3363709e-07;6.5979241e-07;8.3407667e-07;6.5706943e-07;8.3661108e-07;6.6111085e-07;8.331758e-07;6.5094293e-07;8.3630649e-07;6.3499482e-07;8.3329091e-07;6.5152537e-07;8.3360591e-07;6.3846906e-07;8.3306239e-07;6.1735559e-07;8.2600431e-07;5.6411491e-07;;;
;;;;;;;;;;;;;;;;;;;;;;;;;;;;;;;;;;;;;;8.4141589e-07;5.9740684e-07;;;8.406442e-07;6.5574096e-07;8.4319857e-07;6.6163114e-07;8.3973623e-07;6.4977304e-07;8.4289158e-07;6.3746998e-07;8.3985226e-07;6.4841576e-07;8.4016974e-07;6.3621282e-07;8.3962194e-07;6.1585214e-07;8.3250828e-07;5.6399073e-07;;;
;;;;;;;;;;;;;;;;;;;;;;;;;;;;;;;;;;;;;;;;;;8.4721174e-07;6.5431981e-07;8.4978606e-07;6.6165412e-07;8.4629667e-07;6.4817016e-07;8.4947667e-07;6.3918585e-07;8.4641361e-07;6.4455415e-07;8.4673357e-07;6.3362707e-07;8.4618148e-07;6.1418071e-07;8.3901225e-07;5.6163533e-07;;;
;;;;;;;;;;;;;;;;;;;;;;;;;;;;;;;;;;;;;;;;;;8.5377927e-07;6.5167182e-07;8.5637355e-07;6.5982432e-07;8.5285711e-07;6.4675048e-07;8.5606176e-07;6.4003178e-07;8.5297495e-07;6.4009059e-07;8.5329739e-07;6.3052636e-07;8.5274103e-07;6.1246919e-07;8.4551622e-07;5.5696689e-07;;;
;;;;;;;;;;;;;;;;;;;;;;;;;;;;;;;;;;;;;;;;;;8.603468e-07;6.4683712e-07;8.6296104e-07;6.555452e-07;8.5941755e-07;6.4543738e-07;8.6264685e-07;6.4025082e-07;8.595363e-07;6.3546534e-07;8.5986122e-07;6.2644417e-07;8.5930057e-07;6.106363e-07;8.5202019e-07;5.5133942e-07;;;
;;;;;;;;;;;;;;;;;;;;;;;;;;;;;;;;;;;;;;;;;;8.6691434e-07;6.4004379e-07;8.6954853e-07;6.4843894e-07;8.6597799e-07;6.4411261e-07;8.6923194e-07;6.40186e-07;8.6609764e-07;6.3065452e-07;8.6642504e-07;6.2184709e-07;8.6586012e-07;6.0865732e-07;8.5852416e-07;5.4539269e-07;;;
;;;;;;;;;;;;;;;;;;;;;;;;;;;;;;;;;;;;;;;;;;8.7348187e-07;6.3204758e-07;8.7613602e-07;6.4019752e-07;8.7253843e-07;6.4247689e-07;8.7581703e-07;6.3919638e-07;8.7265899e-07;6.2641217e-07;8.7298887e-07;6.1848663e-07;8.7241967e-07;6.0652783e-07;8.6502814e-07;5.4049767e-07;;;
;;;;;;;;;;;;;;;;;;;;;;;;;;;;;;;;;;;;;;;;;;;;8.8272351e-07;6.3243165e-07;8.7909887e-07;6.4055956e-07;8.8240212e-07;6.367193e-07;8.7922034e-07;6.2283019e-07;8.795527e-07;6.1679127e-07;8.7897921e-07;6.0442535e-07;8.7153211e-07;5.3663557e-07;;;
;;;;;;;;;;;;;;;;;;;;;;;;;;;;;;;;;;;;;;;;;;;;8.8931099e-07;6.2622309e-07;8.8565931e-07;6.384507e-07;8.8898721e-07;6.3252266e-07;8.8578168e-07;6.1983505e-07;8.8611652e-07;6.1705214e-07;8.8553876e-07;6.0290687e-07;8.7803608e-07;5.3382515e-07;;;
;;;;;;;;;;;;;;;;;;;;;;;;;;;;;;;;;;;;;;;;;;;;;;8.9221975e-07;6.3630014e-07;8.955723e-07;6.2659892e-07;;;8.9268035e-07;6.1817502e-07;8.9209831e-07;6.0149929e-07;8.8454005e-07;5.3164367e-07;;;
;;;;;;;;;;;;;;;;;;;;;;;;;;;;;;;;;;;;;;;;;;;;;;8.9878019e-07;6.3389324e-07;9.021574e-07;6.1990732e-07;;;8.9924417e-07;6.1819661e-07;8.9865785e-07;6.0013704e-07;8.9104402e-07;5.3004112e-07;;;
;;;;;;;;;;;;;;;;;;;;;;;;;;;;;;;;;;;;;;;;;;;;;;9.0534063e-07;6.3084088e-07;9.0874249e-07;6.1339167e-07;;;9.05808e-07;6.1522402e-07;9.052174e-07;5.978798e-07;;;;;
;;;;;;;;;;;;;;;;;;;;;;;;;;;;;;;;;;;;;;;;;;;;;;9.1190107e-07;6.2654894e-07;;;;;9.1237183e-07;6.0960019e-07;9.1177695e-07;5.9455123e-07;;;;;
;;;;;;;;;;;;;;;;;;;;;;;;;;;;;;;;;;;;;;;;;;;;;;9.1846151e-07;6.2074598e-07;;;;;;;9.1833649e-07;5.9099247e-07;;;;;
;;;;;;;;;;;;;;;;;;;;;;;;;;;;;;;;;;;;;;;;;;;;;;;;;;;;;;9.2489604e-07;5.8895592e-07;;;;;
;;;;;;;;;;;;;;;;;;;;;;;;;;;;;;;;;;;;;;;;;;;;;;;;;;;;;;9.3145559e-07;5.8914088e-07;;;;;
;;;;;;;;;;;;;;;;;;;;;;;;;;;;;;;;;;;;;;;;;;;;;;;;;;;;;;9.3801513e-07;5.9106893e-07;;;;;
;;;;;;;;;;;;;;;;;;;;;;;;;;;;;;;;;;;;;;;;;;;;;;;;;;;;;;9.4457468e-07;5.9340154e-07;;;;;
;;;;;;;;;;;;;;;;;;;;;;;;;;;;;;;;;;;;;;;;;;;;;;;;;;;;;;9.5113422e-07;5.9249164e-07;;;;;
